benchmark,expansion,goodput,iterations,run_number,symbol_size,symbols,testcase,throughput,type,unit,,,
Binary,1,624.144,247,0,1600,16,FulcrumInner,624.144,encoder,MB/s,,,
Binary,1,625.193,247,1,1600,16,FulcrumInner,625.193,encoder,MB/s,,,
Binary,1,624.884,247,2,1600,16,FulcrumInner,624.884,encoder,MB/s,,,
Binary,1,597.261,247,3,1600,16,FulcrumInner,597.261,encoder,MB/s,,,
Binary,1,618.104,247,4,1600,16,FulcrumInner,618.104,encoder,MB/s,,,
Binary,2,572.469,231,0,1600,16,FulcrumInner,572.469,encoder,MB/s,,,
Binary,2,597.546,234,1,1600,16,FulcrumInner,597.546,encoder,MB/s,,,
Binary,2,602.894,236,2,1600,16,FulcrumInner,602.894,encoder,MB/s,,,"20 cases: FulcrumInner, Encoder, symbols 16"
Binary,2,599.127,236,3,1600,16,FulcrumInner,599.127,encoder,MB/s,,,
Binary,2,602.562,237,4,1600,16,FulcrumInner,602.562,encoder,MB/s,,,
Binary,3,551.671,225,0,1600,16,FulcrumInner,551.671,encoder,MB/s,,,
Binary,3,562.665,225,1,1600,16,FulcrumInner,562.665,encoder,MB/s,,,
Binary,3,574.116,227,2,1600,16,FulcrumInner,574.116,encoder,MB/s,,,
Binary,3,571.181,227,3,1600,16,FulcrumInner,571.181,encoder,MB/s,,,
Binary,3,577.999,227,4,1600,16,FulcrumInner,577.999,encoder,MB/s,,,
Binary,4,529.193,213,0,1600,16,FulcrumInner,529.193,encoder,MB/s,,,
Binary,4,552.445,218,1,1600,16,FulcrumInner,552.445,encoder,MB/s,,,
Binary,4,553.596,218,2,1600,16,FulcrumInner,553.596,encoder,MB/s,,,
Binary,4,555.469,218,3,1600,16,FulcrumInner,555.469,encoder,MB/s,,,
Binary,4,556.966,218,4,1600,16,FulcrumInner,556.966,encoder,MB/s,,,
Binary,1,1604.66,645,0,1600,16,FulcrumInner,1704.96,decoder,MB/s,,,
Binary,1,1287.99,645,1,1600,16,FulcrumInner,1851.48,decoder,MB/s,,,
Binary,1,1574.82,645,2,1600,16,FulcrumInner,1673.25,decoder,MB/s,,,
Binary,1,1627.6,645,3,1600,16,FulcrumInner,1729.32,decoder,MB/s,,,
Binary,1,1541.45,645,4,1600,16,FulcrumInner,1830.47,decoder,MB/s,,,
Binary,2,1334.93,565,0,1600,16,FulcrumInner,1668.67,decoder,MB/s,,,
Binary,2,1436.2,565,1,1600,16,FulcrumInner,1705.49,decoder,MB/s,,,
Binary,2,1187.91,565,2,1600,16,FulcrumInner,1707.62,decoder,MB/s,,,
Binary,2,1308.37,565,3,1600,16,FulcrumInner,1880.78,decoder,MB/s,,,
Binary,2,1204.13,565,4,1600,16,FulcrumInner,1655.68,decoder,MB/s,,,
Binary,3,1280,519,0,1600,16,FulcrumInner,1520,decoder,MB/s,,,
Binary,3,1293.71,519,1,1600,16,FulcrumInner,1617.14,decoder,MB/s,,,
Binary,3,1272.4,519,2,1600,16,FulcrumInner,1590.5,decoder,MB/s,,,
Binary,3,1249.43,519,3,1600,16,FulcrumInner,1639.87,decoder,MB/s,,,
Binary,3,1290.19,519,4,1600,16,FulcrumInner,1612.74,decoder,MB/s,,,
Binary,4,1084.02,432,0,1600,16,FulcrumInner,1490.53,decoder,MB/s,,,
Binary,4,950.642,480,1,1600,16,FulcrumInner,1544.79,decoder,MB/s,,,
Binary,4,1163.2,480,2,1600,16,FulcrumInner,1526.69,decoder,MB/s,,,
Binary,4,1061.01,492,3,1600,16,FulcrumInner,1525.2,decoder,MB/s,,,
Binary,4,1068.57,492,4,1600,16,FulcrumInner,1602.85,decoder,MB/s,,,
Binary,1,650.659,132,0,1600,32,FulcrumInner,650.659,encoder,MB/s,,,
Binary,1,671.706,134,1,1600,32,FulcrumInner,671.706,encoder,MB/s,,,
Binary,1,682.938,134,2,1600,32,FulcrumInner,682.938,encoder,MB/s,,,
Binary,1,679.422,134,3,1600,32,FulcrumInner,679.422,encoder,MB/s,,,
Binary,1,681.92,134,4,1600,32,FulcrumInner,681.92,encoder,MB/s,,,
Binary,2,614.129,127,0,1600,32,FulcrumInner,614.129,encoder,MB/s,,,
Binary,2,641.832,127,1,1600,32,FulcrumInner,641.832,encoder,MB/s,,,
Binary,2,644.595,128,2,1600,32,FulcrumInner,644.595,encoder,MB/s,,,
Binary,2,617.158,128,3,1600,32,FulcrumInner,617.158,encoder,MB/s,,,
Binary,2,646.057,128,4,1600,32,FulcrumInner,646.057,encoder,MB/s,,,
Binary,3,584.201,117,0,1600,32,FulcrumInner,584.201,encoder,MB/s,,,
Binary,3,613.442,123,1,1600,32,FulcrumInner,613.442,encoder,MB/s,,,
Binary,3,621.126,123,2,1600,32,FulcrumInner,621.126,encoder,MB/s,,,
Binary,3,625.32,123,3,1600,32,FulcrumInner,625.32,encoder,MB/s,,,
Binary,3,617.957,123,4,1600,32,FulcrumInner,617.957,encoder,MB/s,,,
Binary,4,562.154,115,0,1600,32,FulcrumInner,562.154,encoder,MB/s,,,
Binary,4,592.933,117,1,1600,32,FulcrumInner,592.933,encoder,MB/s,,,
Binary,4,596.832,117,2,1600,32,FulcrumInner,596.832,encoder,MB/s,,,
Binary,4,595.819,118,3,1600,32,FulcrumInner,595.819,encoder,MB/s,,,
Binary,4,590.288,118,4,1600,32,FulcrumInner,590.288,encoder,MB/s,,,
Binary,1,869.559,184,0,1600,32,FulcrumInner,1032.6,decoder,MB/s,,,
Binary,1,937.02,184,1,1600,32,FulcrumInner,966.302,decoder,MB/s,,,
Binary,1,933.922,186,2,1600,32,FulcrumInner,992.292,decoder,MB/s,,,
Binary,1,827.457,186,3,1600,32,FulcrumInner,930.889,decoder,MB/s,,,
Binary,1,907.836,186,4,1600,32,FulcrumInner,964.576,decoder,MB/s,,,
Binary,2,885.317,173,0,1600,32,FulcrumInner,940.65,decoder,MB/s,,,
Binary,2,875.172,179,1,1600,32,FulcrumInner,984.568,decoder,MB/s,,,
Binary,2,882.929,179,2,1600,32,FulcrumInner,938.112,decoder,MB/s,,,
Binary,2,854.925,179,3,1600,32,FulcrumInner,961.791,decoder,MB/s,,,
Binary,2,880.046,179,4,1600,32,FulcrumInner,935.049,decoder,MB/s,,,
Binary,3,845.049,170,0,1600,32,FulcrumInner,924.272,decoder,MB/s,,,
Binary,3,870.313,170,1,1600,32,FulcrumInner,979.102,decoder,MB/s,,,
Binary,3,816.51,170,2,1600,32,FulcrumInner,918.574,decoder,MB/s,,,
Binary,3,777.813,172,3,1600,32,FulcrumInner,923.653,decoder,MB/s,,,
Binary,3,763.318,172,4,1600,32,FulcrumInner,882.586,decoder,MB/s,,,
Binary,4,695.652,160,0,1600,32,FulcrumInner,934.783,decoder,MB/s,,,
Binary,4,710.988,160,1,1600,32,FulcrumInner,910.953,decoder,MB/s,,,
Binary,4,761.976,160,2,1600,32,FulcrumInner,904.846,decoder,MB/s,,,
Binary,4,781.158,160,3,1600,32,FulcrumInner,878.802,decoder,MB/s,,,
Binary,4,794.26,160,4,1600,32,FulcrumInner,918.363,decoder,MB/s,,,
Binary,1,491.52,48,0,1600,64,FulcrumInner,491.52,encoder,MB/s,,,
Binary,1,503.59,50,1,1600,64,FulcrumInner,503.59,encoder,MB/s,,,
Binary,1,494.256,50,2,1600,64,FulcrumInner,494.256,encoder,MB/s,,,
Binary,1,500.342,50,3,1600,64,FulcrumInner,500.342,encoder,MB/s,,,
Binary,1,498.928,50,4,1600,64,FulcrumInner,498.928,encoder,MB/s,,,
Binary,2,480.141,48,0,1600,64,FulcrumInner,480.141,encoder,MB/s,,,
Binary,2,483.066,48,1,1600,64,FulcrumInner,483.066,encoder,MB/s,,,
Binary,2,488.686,48,2,1600,64,FulcrumInner,488.686,encoder,MB/s,,,
Binary,2,485.069,48,3,1600,64,FulcrumInner,485.069,encoder,MB/s,,,
Binary,2,485.404,48,4,1600,64,FulcrumInner,485.404,encoder,MB/s,,,
Binary,3,454.348,45,0,1600,64,FulcrumInner,454.348,encoder,MB/s,,,
Binary,3,458.964,45,1,1600,64,FulcrumInner,458.964,encoder,MB/s,,,
Binary,3,463.348,46,2,1600,64,FulcrumInner,463.348,encoder,MB/s,,,
Binary,3,466.653,46,3,1600,64,FulcrumInner,466.653,encoder,MB/s,,,
Binary,3,470.92,47,4,1600,64,FulcrumInner,470.92,encoder,MB/s,,,
Binary,4,448.72,44,0,1600,64,FulcrumInner,448.72,encoder,MB/s,,,
Binary,4,451.234,45,1,1600,64,FulcrumInner,451.234,encoder,MB/s,,,
Binary,4,450.969,45,2,1600,64,FulcrumInner,450.969,encoder,MB/s,,,
Binary,4,454.348,45,3,1600,64,FulcrumInner,454.348,encoder,MB/s,,,
Binary,4,447.944,45,4,1600,64,FulcrumInner,447.944,encoder,MB/s,,,
Binary,1,436.519,48,0,1600,64,FulcrumInner,463.801,decoder,MB/s,,,
Binary,1,470.174,48,1,1600,64,FulcrumInner,492.214,decoder,MB/s,,,
Binary,1,490.686,48,2,1600,64,FulcrumInner,498.353,decoder,MB/s,,,
Binary,1,473.116,48,3,1600,64,FulcrumInner,495.293,decoder,MB/s,,,
Binary,1,488.977,48,4,1600,64,FulcrumInner,504.258,decoder,MB/s,,,
Binary,2,445.465,47,0,1600,64,FulcrumInner,459.385,decoder,MB/s,,,
Binary,2,462.858,47,1,1600,64,FulcrumInner,499.019,decoder,MB/s,,,
Binary,2,462.769,47,2,1600,64,FulcrumInner,491.692,decoder,MB/s,,,
Binary,2,473.747,47,3,1600,64,FulcrumInner,488.552,decoder,MB/s,,,
Binary,2,477.318,47,4,1600,64,FulcrumInner,499.693,decoder,MB/s,,,
Binary,3,426.744,46,0,1600,64,FulcrumInner,466.751,decoder,MB/s,,,
Binary,3,450.627,46,1,1600,64,FulcrumInner,478.791,decoder,MB/s,,,
Binary,3,465.087,46,2,1600,64,FulcrumInner,486.888,decoder,MB/s,,,
Binary,3,453.752,46,3,1600,64,FulcrumInner,475.022,decoder,MB/s,,,
Binary,3,459.641,46,4,1600,64,FulcrumInner,488.368,decoder,MB/s,,,
Binary,4,427.122,43,0,1600,64,FulcrumInner,453.817,decoder,MB/s,,,
Binary,4,430.547,43,1,1600,64,FulcrumInner,464.183,decoder,MB/s,,,
Binary,4,427.62,43,2,1600,64,FulcrumInner,474.391,decoder,MB/s,,,
Binary,4,428.452,43,3,1600,64,FulcrumInner,488.703,decoder,MB/s,,,
Binary,4,436.547,44,4,1600,64,FulcrumInner,477.473,decoder,MB/s,,,
Binary,1,285.9,15,0,1600,128,FulcrumInner,285.9,encoder,MB/s,,,
Binary,1,285.422,15,1,1600,128,FulcrumInner,285.422,encoder,MB/s,,,
Binary,1,287.425,15,2,1600,128,FulcrumInner,287.425,encoder,MB/s,,,
Binary,1,288.505,15,3,1600,128,FulcrumInner,288.505,encoder,MB/s,,,
Binary,1,286.38,15,4,1600,128,FulcrumInner,286.38,encoder,MB/s,,,
Binary,2,252.504,13,0,1600,128,FulcrumInner,252.504,encoder,MB/s,,,
Binary,2,284.727,14,1,1600,128,FulcrumInner,284.727,encoder,MB/s,,,
Binary,2,283.994,14,2,1600,128,FulcrumInner,283.994,encoder,MB/s,,,
Binary,2,284.078,14,3,1600,128,FulcrumInner,284.078,encoder,MB/s,,,
Binary,2,284.191,14,4,1600,128,FulcrumInner,284.191,encoder,MB/s,,,
Binary,3,250.061,13,0,1600,128,FulcrumInner,250.061,encoder,MB/s,,,
Binary,3,280.603,14,1,1600,128,FulcrumInner,280.603,encoder,MB/s,,,
Binary,3,280.74,14,2,1600,128,FulcrumInner,280.74,encoder,MB/s,,,
Binary,3,274.557,14,3,1600,128,FulcrumInner,274.557,encoder,MB/s,,,
Binary,3,277.426,14,4,1600,128,FulcrumInner,277.426,encoder,MB/s,,,
Binary,4,249.148,13,0,1600,128,FulcrumInner,249.148,encoder,MB/s,,,
Binary,4,273.093,14,1,1600,128,FulcrumInner,273.093,encoder,MB/s,,,
Binary,4,274.058,14,2,1600,128,FulcrumInner,274.058,encoder,MB/s,,,
Binary,4,273.718,14,3,1600,128,FulcrumInner,273.718,encoder,MB/s,,,
Binary,4,271.464,14,4,1600,128,FulcrumInner,271.464,encoder,MB/s,,,
Binary,1,257.685,13,0,1600,128,FulcrumInner,259.698,decoder,MB/s,,,
Binary,1,251.194,13,1,1600,128,FulcrumInner,257.081,decoder,MB/s,,,
Binary,1,257.535,13,2,1600,128,FulcrumInner,263.571,decoder,MB/s,,,
Binary,1,242.544,13,3,1600,128,FulcrumInner,248.228,decoder,MB/s,,,
Binary,1,248.474,13,4,1600,128,FulcrumInner,256.239,decoder,MB/s,,,
Binary,2,251.454,13,0,1600,128,FulcrumInner,261.277,decoder,MB/s,,,
Binary,2,250.437,13,1,1600,128,FulcrumInner,260.22,decoder,MB/s,,,
Binary,2,249.288,13,2,1600,128,FulcrumInner,253.184,decoder,MB/s,,,
Binary,2,234.366,13,3,1600,128,FulcrumInner,250.845,decoder,MB/s,,,
Binary,2,239.252,13,4,1600,128,FulcrumInner,244.86,decoder,MB/s,,,
Binary,3,249.756,13,0,1600,128,FulcrumInner,257.561,decoder,MB/s,,,
Binary,3,248.034,13,1,1600,128,FulcrumInner,259.661,decoder,MB/s,,,
Binary,3,247.826,13,2,1600,128,FulcrumInner,259.443,decoder,MB/s,,,
Binary,3,242.632,13,3,1600,128,FulcrumInner,263.483,decoder,MB/s,,,
Binary,3,253.417,13,4,1600,128,FulcrumInner,263.316,decoder,MB/s,,,
Binary,4,244.302,13,0,1600,128,FulcrumInner,257.662,decoder,MB/s,,,
Binary,4,250.839,13,1,1600,128,FulcrumInner,258.677,decoder,MB/s,,,
Binary,4,248.405,13,2,1600,128,FulcrumInner,256.167,decoder,MB/s,,,
Binary,4,244.886,13,3,1600,128,FulcrumInner,256.365,decoder,MB/s,,,
Binary,4,245.134,13,4,1600,128,FulcrumInner,252.794,decoder,MB/s,,,
Binary,1,142.259,4,0,1600,256,FulcrumInner,142.259,encoder,MB/s,,,
Binary,1,146.325,4,1,1600,256,FulcrumInner,146.325,encoder,MB/s,,,
Binary,1,150.243,4,2,1600,256,FulcrumInner,150.243,encoder,MB/s,,,
Binary,1,149.845,4,3,1600,256,FulcrumInner,149.845,encoder,MB/s,,,
Binary,1,149.927,4,4,1600,256,FulcrumInner,149.927,encoder,MB/s,,,
Binary,2,142.037,4,0,1600,256,FulcrumInner,142.037,encoder,MB/s,,,
Binary,2,146.705,4,1,1600,256,FulcrumInner,146.705,encoder,MB/s,,,
Binary,2,148.137,4,2,1600,256,FulcrumInner,148.137,encoder,MB/s,,,
Binary,2,147.008,4,3,1600,256,FulcrumInner,147.008,encoder,MB/s,,,
Binary,2,148.486,4,4,1600,256,FulcrumInner,148.486,encoder,MB/s,,,
Binary,3,141.755,4,0,1600,256,FulcrumInner,141.755,encoder,MB/s,,,
Binary,3,143.442,4,1,1600,256,FulcrumInner,143.442,encoder,MB/s,,,
Binary,3,146.744,4,2,1600,256,FulcrumInner,146.744,encoder,MB/s,,,
Binary,3,145.597,4,3,1600,256,FulcrumInner,145.597,encoder,MB/s,,,
Binary,3,146.942,4,4,1600,256,FulcrumInner,146.942,encoder,MB/s,,,
Binary,4,139.759,4,0,1600,256,FulcrumInner,139.759,encoder,MB/s,,,
Binary,4,143.593,4,1,1600,256,FulcrumInner,143.593,encoder,MB/s,,,
Binary,4,144.965,4,2,1600,256,FulcrumInner,144.965,encoder,MB/s,,,
Binary,4,144.748,4,3,1600,256,FulcrumInner,144.748,encoder,MB/s,,,
Binary,4,143.997,4,4,1600,256,FulcrumInner,143.997,encoder,MB/s,,,
Binary,1,126.85,4,0,1600,256,FulcrumInner,128.337,decoder,MB/s,,,
Binary,1,124.517,4,1,1600,256,FulcrumInner,129.381,decoder,MB/s,,,
Binary,1,127.423,4,2,1600,256,FulcrumInner,127.92,decoder,MB/s,,,
Binary,1,129.887,4,3,1600,256,FulcrumInner,130.395,decoder,MB/s,,,
Binary,1,127.721,4,4,1600,256,FulcrumInner,129.716,decoder,MB/s,,,
Binary,2,125.289,4,0,1600,256,FulcrumInner,126.757,decoder,MB/s,,,
Binary,2,126.988,4,1,1600,256,FulcrumInner,128.476,decoder,MB/s,,,
Binary,2,125.77,4,2,1600,256,FulcrumInner,126.752,decoder,MB/s,,,
Binary,2,127.037,4,3,1600,256,FulcrumInner,128.03,decoder,MB/s,,,
Binary,2,125.404,4,4,1600,256,FulcrumInner,127.853,decoder,MB/s,,,
Binary,3,124.973,4,0,1600,256,FulcrumInner,126.926,decoder,MB/s,,,
Binary,3,126.147,4,1,1600,256,FulcrumInner,128.611,decoder,MB/s,,,
Binary,3,123.858,4,2,1600,256,FulcrumInner,129.181,decoder,MB/s,,,
Binary,3,125.963,4,3,1600,256,FulcrumInner,127.931,decoder,MB/s,,,
Binary,3,124.206,4,4,1600,256,FulcrumInner,128.573,decoder,MB/s,,,
Binary,4,119.116,3,0,1600,256,FulcrumInner,122.838,decoder,MB/s,,,
Binary,4,125.164,4,1,1600,256,FulcrumInner,127.609,decoder,MB/s,,,
Binary,4,125.49,4,2,1600,256,FulcrumInner,127.941,decoder,MB/s,,,
Binary,4,124.413,4,3,1600,256,FulcrumInner,127.329,decoder,MB/s,,,
Binary,4,126.118,4,4,1600,256,FulcrumInner,128.089,decoder,MB/s,,Inner,
Binary8,1,624.886,246,0,1600,16,FulcrumOuter,624.886,encoder,MB/s,,,
Binary8,1,624.824,246,1,1600,16,FulcrumOuter,624.824,encoder,MB/s,,,
Binary8,1,629.319,246,2,1600,16,FulcrumOuter,629.319,encoder,MB/s,,,
Binary8,1,628.503,246,3,1600,16,FulcrumOuter,628.503,encoder,MB/s,,,
Binary8,1,623.772,246,4,1600,16,FulcrumOuter,623.772,encoder,MB/s,,,
Binary8,2,606.082,239,0,1600,16,FulcrumOuter,606.082,encoder,MB/s,,,
Binary8,2,608.01,239,1,1600,16,FulcrumOuter,608.01,encoder,MB/s,,,
Binary8,2,600.668,239,2,1600,16,FulcrumOuter,600.668,encoder,MB/s,,,
Binary8,2,588.817,239,3,1600,16,FulcrumOuter,588.817,encoder,MB/s,,,
Binary8,2,607.044,239,4,1600,16,FulcrumOuter,607.044,encoder,MB/s,,,
Binary8,3,563.866,227,0,1600,16,FulcrumOuter,563.866,encoder,MB/s,,,
Binary8,3,577.999,227,1,1600,16,FulcrumOuter,577.999,encoder,MB/s,,,
Binary8,3,578.574,227,2,1600,16,FulcrumOuter,578.574,encoder,MB/s,,,
Binary8,3,580.597,227,3,1600,16,FulcrumOuter,580.597,encoder,MB/s,,,
Binary8,3,571.743,227,4,1600,16,FulcrumOuter,571.743,encoder,MB/s,,,
Binary8,4,546.079,216,0,1600,16,FulcrumOuter,546.079,encoder,MB/s,,,
Binary8,4,555.469,218,1,1600,16,FulcrumOuter,555.469,encoder,MB/s,,,
Binary8,4,556.688,218,2,1600,16,FulcrumOuter,556.688,encoder,MB/s,,,
Binary8,4,557.634,218,3,1600,16,FulcrumOuter,557.634,encoder,MB/s,,,
Binary8,4,526.491,218,4,1600,16,FulcrumOuter,526.491,encoder,MB/s,,,
Binary8,1,518.569,210,0,1600,16,FulcrumOuter,518.569,decoder,MB/s,,,
Binary8,1,485.286,210,1,1600,16,FulcrumOuter,545.947,decoder,MB/s,,,
Binary8,1,500.093,210,2,1600,16,FulcrumOuter,531.349,decoder,MB/s,,,
Binary8,1,536.58,210,3,1600,16,FulcrumOuter,536.58,decoder,MB/s,,,
Binary8,1,496.17,210,4,1600,16,FulcrumOuter,558.191,decoder,MB/s,,,
Binary8,2,477.508,188,0,1600,16,FulcrumOuter,477.508,decoder,MB/s,,,
Binary8,2,495.287,195,1,1600,16,FulcrumOuter,495.287,decoder,MB/s,,,
Binary8,2,490.229,195,2,1600,16,FulcrumOuter,490.229,decoder,MB/s,,,
Binary8,2,493.827,200,3,1600,16,FulcrumOuter,493.827,decoder,MB/s,,,
Binary8,2,500.782,200,4,1600,16,FulcrumOuter,500.782,decoder,MB/s,,,
Binary8,3,463.146,186,0,1600,16,FulcrumOuter,492.092,decoder,MB/s,,,
Binary8,3,458.182,189,1,1600,16,FulcrumOuter,486.818,decoder,MB/s,,,
Binary8,3,482.104,189,2,1600,16,FulcrumOuter,482.104,decoder,MB/s,,,
Binary8,3,475.799,189,3,1600,16,FulcrumOuter,475.799,decoder,MB/s,,,
Binary8,3,464.071,189,4,1600,16,FulcrumOuter,464.071,decoder,MB/s,,,
Binary8,4,467.209,184,0,1600,16,FulcrumOuter,467.209,decoder,MB/s,,,
Binary8,4,462.236,188,1,1600,16,FulcrumOuter,462.236,decoder,MB/s,,,
Binary8,4,463.036,188,2,1600,16,FulcrumOuter,463.036,decoder,MB/s,,,
Binary8,4,470.505,188,3,1600,16,FulcrumOuter,470.505,decoder,MB/s,,,
Binary8,4,453.268,188,4,1600,16,FulcrumOuter,453.268,decoder,MB/s,,,
Binary8,1,680.5,134,0,1600,32,FulcrumOuter,680.5,encoder,MB/s,,,
Binary8,1,679.758,134,1,1600,32,FulcrumOuter,679.758,encoder,MB/s,,,
Binary8,1,679.691,134,2,1600,32,FulcrumOuter,679.691,encoder,MB/s,,,
Binary8,1,665.386,134,3,1600,32,FulcrumOuter,665.386,encoder,MB/s,,,
Binary8,1,680.635,134,4,1600,32,FulcrumOuter,680.635,encoder,MB/s,,,
Binary8,2,639.874,127,0,1600,32,FulcrumOuter,639.874,encoder,MB/s,,,
Binary8,2,649.136,127,1,1600,32,FulcrumOuter,649.136,encoder,MB/s,,,
Binary8,2,648.295,127,2,1600,32,FulcrumOuter,648.295,encoder,MB/s,,,
Binary8,2,646.876,127,3,1600,32,FulcrumOuter,646.876,encoder,MB/s,,,
Binary8,2,648.489,127,4,1600,32,FulcrumOuter,648.489,encoder,MB/s,,,
Binary8,3,625.631,123,0,1600,32,FulcrumOuter,625.631,encoder,MB/s,,,
Binary8,3,626.066,123,1,1600,32,FulcrumOuter,626.066,encoder,MB/s,,,
Binary8,3,617.957,123,2,1600,32,FulcrumOuter,617.957,encoder,MB/s,,,
Binary8,3,623.155,123,3,1600,32,FulcrumOuter,623.155,encoder,MB/s,,,
Binary8,3,614.22,123,4,1600,32,FulcrumOuter,614.22,encoder,MB/s,,,
Binary8,4,559.59,111,0,1600,32,FulcrumOuter,559.59,encoder,MB/s,,,
Binary8,4,586.588,116,1,1600,32,FulcrumOuter,586.588,encoder,MB/s,,,
Binary8,4,583.877,116,2,1600,32,FulcrumOuter,583.877,encoder,MB/s,,,
Binary8,4,587.121,117,3,1600,32,FulcrumOuter,587.121,encoder,MB/s,,,
Binary8,4,592.581,117,4,1600,32,FulcrumOuter,592.581,encoder,MB/s,,,
Binary8,1,455.943,95,0,1600,32,FulcrumOuter,484.439,decoder,MB/s,,,
Binary8,1,458.781,95,1,1600,32,FulcrumOuter,516.129,decoder,MB/s,,,
Binary8,1,482.683,95,2,1600,32,FulcrumOuter,482.683,decoder,MB/s,,,
Binary8,1,465.098,95,3,1600,32,FulcrumOuter,465.098,decoder,MB/s,,,
Binary8,1,475.312,96,4,1600,32,FulcrumOuter,475.312,decoder,MB/s,,,
Binary8,2,425.636,86,0,1600,32,FulcrumOuter,425.636,decoder,MB/s,,,
Binary8,2,438.912,92,1,1600,32,FulcrumOuter,438.912,decoder,MB/s,,,
Binary8,2,408.605,92,2,1600,32,FulcrumOuter,408.605,decoder,MB/s,,,
Binary8,2,458.522,92,3,1600,32,FulcrumOuter,458.522,decoder,MB/s,,,
Binary8,2,436.876,92,4,1600,32,FulcrumOuter,436.876,decoder,MB/s,,,
Binary8,3,400.594,79,0,1600,32,FulcrumOuter,400.594,decoder,MB/s,,,
Binary8,3,415.609,83,1,1600,32,FulcrumOuter,415.609,decoder,MB/s,,,
Binary8,3,422.216,83,2,1600,32,FulcrumOuter,422.216,decoder,MB/s,,,
Binary8,3,407.157,84,3,1600,32,FulcrumOuter,407.157,decoder,MB/s,,,
Binary8,3,386.693,84,4,1600,32,FulcrumOuter,398.777,decoder,MB/s,,,
Binary8,4,411.729,82,0,1600,32,FulcrumOuter,411.729,decoder,MB/s,,,
Binary8,4,403.653,82,1,1600,32,FulcrumOuter,403.653,decoder,MB/s,,,
Binary8,4,416.095,82,2,1600,32,FulcrumOuter,416.095,decoder,MB/s,,,
Binary8,4,396.262,82,3,1600,32,FulcrumOuter,396.262,decoder,MB/s,,,
Binary8,4,403.576,82,4,1600,32,FulcrumOuter,403.576,decoder,MB/s,,,
Binary8,1,459.364,48,0,1600,64,FulcrumOuter,459.364,encoder,MB/s,,,
Binary8,1,497.235,49,1,1600,64,FulcrumOuter,497.235,encoder,MB/s,,,
Binary8,1,498.074,49,2,1600,64,FulcrumOuter,498.074,encoder,MB/s,,,
Binary8,1,486.923,50,3,1600,64,FulcrumOuter,486.923,encoder,MB/s,,,
Binary8,1,499.561,50,4,1600,64,FulcrumOuter,499.561,encoder,MB/s,,,
Binary8,2,446.084,47,0,1600,64,FulcrumOuter,446.084,encoder,MB/s,,,
Binary8,2,483.732,48,1,1600,64,FulcrumOuter,483.732,encoder,MB/s,,,
Binary8,2,484.208,48,2,1600,64,FulcrumOuter,484.208,encoder,MB/s,,,
Binary8,2,483.494,48,3,1600,64,FulcrumOuter,483.494,encoder,MB/s,,,
Binary8,2,482.166,48,4,1600,64,FulcrumOuter,482.166,encoder,MB/s,,,
Binary8,3,429.781,46,0,1600,64,FulcrumOuter,429.781,encoder,MB/s,,,
Binary8,3,468.463,46,1,1600,64,FulcrumOuter,468.463,encoder,MB/s,,,
Binary8,3,468.51,46,2,1600,64,FulcrumOuter,468.51,encoder,MB/s,,,
Binary8,3,465.179,46,3,1600,64,FulcrumOuter,465.179,encoder,MB/s,,,
Binary8,3,470.993,46,4,1600,64,FulcrumOuter,470.993,encoder,MB/s,,,
Binary8,4,452.119,45,0,1600,64,FulcrumOuter,452.119,encoder,MB/s,,,
Binary8,4,444.616,45,1,1600,64,FulcrumOuter,444.616,encoder,MB/s,,,
Binary8,4,452.031,45,2,1600,64,FulcrumOuter,452.031,encoder,MB/s,,,
Binary8,4,449.693,45,3,1600,64,FulcrumOuter,449.693,encoder,MB/s,,,
Binary8,4,452.43,45,4,1600,64,FulcrumOuter,452.43,encoder,MB/s,,,
Binary8,1,270.793,27,0,1600,64,FulcrumOuter,275.024,decoder,MB/s,,,
Binary8,1,265.491,30,1,1600,64,FulcrumOuter,265.491,decoder,MB/s,,,
Binary8,1,277.181,30,2,1600,64,FulcrumOuter,277.181,decoder,MB/s,,,
Binary8,1,295.441,30,3,1600,64,FulcrumOuter,295.441,decoder,MB/s,,,
Binary8,1,269.143,30,4,1600,64,FulcrumOuter,277.554,decoder,MB/s,,,
Binary8,2,245.473,26,0,1600,64,FulcrumOuter,245.473,decoder,MB/s,,,
Binary8,2,243.319,26,1,1600,64,FulcrumOuter,243.319,decoder,MB/s,,,
Binary8,2,264.889,26,2,1600,64,FulcrumOuter,264.889,decoder,MB/s,,,
Binary8,2,248.892,26,3,1600,64,FulcrumOuter,248.892,decoder,MB/s,,,
Binary8,2,251.122,26,4,1600,64,FulcrumOuter,251.122,decoder,MB/s,,,
Binary8,3,221.626,25,0,1600,64,FulcrumOuter,221.626,decoder,MB/s,,,
Binary8,3,235.013,25,1,1600,64,FulcrumOuter,235.013,decoder,MB/s,,,
Binary8,3,248.399,25,2,1600,64,FulcrumOuter,248.399,decoder,MB/s,,,
Binary8,3,231.089,25,3,1600,64,FulcrumOuter,231.089,decoder,MB/s,,,
Binary8,3,235.836,25,4,1600,64,FulcrumOuter,235.836,decoder,MB/s,,,
Binary8,4,228.997,24,0,1600,64,FulcrumOuter,228.997,decoder,MB/s,,,
Binary8,4,231.543,24,1,1600,64,FulcrumOuter,231.543,decoder,MB/s,,,
Binary8,4,228.98,25,2,1600,64,FulcrumOuter,228.98,decoder,MB/s,,,
Binary8,4,230.922,25,3,1600,64,FulcrumOuter,230.922,decoder,MB/s,,,
Binary8,4,245.023,25,4,1600,64,FulcrumOuter,245.023,decoder,MB/s,,,
Binary8,1,282.12,15,0,1600,128,FulcrumOuter,282.12,encoder,MB/s,,,
Binary8,1,283.84,15,1,1600,128,FulcrumOuter,283.84,encoder,MB/s,,,
Binary8,1,289.402,15,2,1600,128,FulcrumOuter,289.402,encoder,MB/s,,,
Binary8,1,289.565,15,3,1600,128,FulcrumOuter,289.565,encoder,MB/s,,,
Binary8,1,289.048,15,4,1600,128,FulcrumOuter,289.048,encoder,MB/s,,,
Binary8,2,276.33,14,0,1600,128,FulcrumOuter,276.33,encoder,MB/s,,,
Binary8,2,284.473,14,1,1600,128,FulcrumOuter,284.473,encoder,MB/s,,,
Binary8,2,281.733,14,2,1600,128,FulcrumOuter,281.733,encoder,MB/s,,,
Binary8,2,279.291,14,3,1600,128,FulcrumOuter,279.291,encoder,MB/s,,,
Binary8,2,284.557,14,4,1600,128,FulcrumOuter,284.557,encoder,MB/s,,,
Binary8,3,274.531,14,0,1600,128,FulcrumOuter,274.531,encoder,MB/s,,,
Binary8,3,277.212,14,1,1600,128,FulcrumOuter,277.212,encoder,MB/s,,,
Binary8,3,280.329,14,2,1600,128,FulcrumOuter,280.329,encoder,MB/s,,,
Binary8,3,276.41,14,3,1600,128,FulcrumOuter,276.41,encoder,MB/s,,,
Binary8,3,273.771,14,4,1600,128,FulcrumOuter,273.771,encoder,MB/s,,,
Binary8,4,274.242,14,0,1600,128,FulcrumOuter,274.242,encoder,MB/s,,,
Binary8,4,268.515,14,1,1600,128,FulcrumOuter,268.515,encoder,MB/s,,,
Binary8,4,266.543,14,2,1600,128,FulcrumOuter,266.543,encoder,MB/s,,,
Binary8,4,270.976,14,3,1600,128,FulcrumOuter,270.976,encoder,MB/s,,,
Binary8,4,272.418,14,4,1600,128,FulcrumOuter,272.418,encoder,MB/s,,,
Binary8,1,125.548,8,0,1600,128,FulcrumOuter,125.548,decoder,MB/s,,,
Binary8,1,136.613,8,1,1600,128,FulcrumOuter,137.68,decoder,MB/s,,,
Binary8,1,134.075,8,2,1600,128,FulcrumOuter,135.123,decoder,MB/s,,,
Binary8,1,130.915,8,3,1600,128,FulcrumOuter,130.915,decoder,MB/s,,,
Binary8,1,134.141,8,4,1600,128,FulcrumOuter,135.189,decoder,MB/s,,,
Binary8,2,128.195,7,0,1600,128,FulcrumOuter,128.195,decoder,MB/s,,,
Binary8,2,134.459,7,1,1600,128,FulcrumOuter,134.459,decoder,MB/s,,,
Binary8,2,132.557,7,2,1600,128,FulcrumOuter,132.557,decoder,MB/s,,,
Binary8,2,128.851,7,3,1600,128,FulcrumOuter,128.851,decoder,MB/s,,,
Binary8,2,133.657,7,4,1600,128,FulcrumOuter,133.657,decoder,MB/s,,,
Binary8,3,109.981,7,0,1600,128,FulcrumOuter,109.981,decoder,MB/s,,,
Binary8,3,127.886,7,1,1600,128,FulcrumOuter,127.886,decoder,MB/s,,,
Binary8,3,129.13,7,2,1600,128,FulcrumOuter,129.13,decoder,MB/s,,,
Binary8,3,119.159,7,3,1600,128,FulcrumOuter,119.159,decoder,MB/s,,,
Binary8,3,129.738,7,4,1600,128,FulcrumOuter,129.738,decoder,MB/s,,,
Binary8,4,108.388,6,0,1600,128,FulcrumOuter,108.388,decoder,MB/s,,,
Binary8,4,125.942,7,1,1600,128,FulcrumOuter,125.942,decoder,MB/s,,,
Binary8,4,118.991,7,2,1600,128,FulcrumOuter,118.991,decoder,MB/s,,,
Binary8,4,125.843,7,3,1600,128,FulcrumOuter,125.843,decoder,MB/s,,,
Binary8,4,113.913,7,4,1600,128,FulcrumOuter,113.913,decoder,MB/s,,,
Binary8,1,141.804,4,0,1600,256,FulcrumOuter,141.804,encoder,MB/s,,,
Binary8,1,135.506,4,1,1600,256,FulcrumOuter,135.506,encoder,MB/s,,,
Binary8,1,143.279,4,2,1600,256,FulcrumOuter,143.279,encoder,MB/s,,,
Binary8,1,136.567,4,3,1600,256,FulcrumOuter,136.567,encoder,MB/s,,,
Binary8,1,146.181,4,4,1600,256,FulcrumOuter,146.181,encoder,MB/s,,,
Binary8,2,146.587,4,0,1600,256,FulcrumOuter,146.587,encoder,MB/s,,,
Binary8,2,144.391,4,1,1600,256,FulcrumOuter,144.391,encoder,MB/s,,,
Binary8,2,146.09,4,2,1600,256,FulcrumOuter,146.09,encoder,MB/s,,,
Binary8,2,144.594,4,3,1600,256,FulcrumOuter,144.594,encoder,MB/s,,,
Binary8,2,144.327,4,4,1600,256,FulcrumOuter,144.327,encoder,MB/s,,,
Binary8,3,144.658,4,0,1600,256,FulcrumOuter,144.658,encoder,MB/s,,,
Binary8,3,139.652,4,1,1600,256,FulcrumOuter,139.652,encoder,MB/s,,,
Binary8,3,144.137,4,2,1600,256,FulcrumOuter,144.137,encoder,MB/s,,,
Binary8,3,143.619,4,3,1600,256,FulcrumOuter,143.619,encoder,MB/s,,,
Binary8,3,144.773,4,4,1600,256,FulcrumOuter,144.773,encoder,MB/s,,,
Binary8,4,120.347,4,0,1600,256,FulcrumOuter,120.347,encoder,MB/s,,,
Binary8,4,127.87,4,1,1600,256,FulcrumOuter,127.87,encoder,MB/s,,,
Binary8,4,136.876,4,2,1600,256,FulcrumOuter,136.876,encoder,MB/s,,,
Binary8,4,131.482,4,3,1600,256,FulcrumOuter,131.482,encoder,MB/s,,,
Binary8,4,130.612,4,4,1600,256,FulcrumOuter,130.612,encoder,MB/s,,,
Binary8,1,67.5072,2,0,1600,256,FulcrumOuter,68.0346,decoder,MB/s,,,
Binary8,1,62.8317,2,1,1600,256,FulcrumOuter,63.568,decoder,MB/s,,,
Binary8,1,68.3464,2,2,1600,256,FulcrumOuter,68.3464,decoder,MB/s,,,
Binary8,1,67.9158,2,3,1600,256,FulcrumOuter,67.9158,decoder,MB/s,,,
Binary8,1,62.0277,2,4,1600,256,FulcrumOuter,62.0277,decoder,MB/s,,,
Binary8,2,60.6096,2,0,1600,256,FulcrumOuter,60.6096,decoder,MB/s,,,
Binary8,2,61.0751,2,1,1600,256,FulcrumOuter,61.0751,decoder,MB/s,,,
Binary8,2,63.7808,2,2,1600,256,FulcrumOuter,63.7808,decoder,MB/s,,,
Binary8,2,61.2853,2,3,1600,256,FulcrumOuter,61.2853,decoder,MB/s,,,
Binary8,2,63.6074,2,4,1600,256,FulcrumOuter,63.6074,decoder,MB/s,,,
Binary8,3,57.379,2,0,1600,256,FulcrumOuter,57.379,decoder,MB/s,,,
Binary8,3,61.244,2,1,1600,256,FulcrumOuter,61.244,decoder,MB/s,,,
Binary8,3,61.4369,2,2,1600,256,FulcrumOuter,61.4369,decoder,MB/s,,,
Binary8,3,57.5079,2,3,1600,256,FulcrumOuter,57.5079,decoder,MB/s,,,
Binary8,3,61.4369,2,4,1600,256,FulcrumOuter,61.4369,decoder,MB/s,,,
Binary8,4,52.5465,2,0,1600,256,FulcrumOuter,52.5465,decoder,MB/s,,,
Binary8,4,59.6563,2,1,1600,256,FulcrumOuter,59.6563,decoder,MB/s,,,
Binary8,4,59.2936,2,2,1600,256,FulcrumOuter,59.2936,decoder,MB/s,,,
Binary8,4,52.1983,2,3,1600,256,FulcrumOuter,52.1983,decoder,MB/s,,,
Binary8,4,59.9927,2,4,1600,256,FulcrumOuter,59.9927,decoder,MB/s,,Outer,
Binary8,1,619.355,243,0,1600,16,FulcrumCombined,619.355,encoder,MB/s,,,
Binary8,1,614.622,244,1,1600,16,FulcrumCombined,614.622,encoder,MB/s,,,
Binary8,1,617.472,246,2,1600,16,FulcrumCombined,617.472,encoder,MB/s,,,
Binary8,1,613.921,246,3,1600,16,FulcrumCombined,613.921,encoder,MB/s,,,
Binary8,1,625.817,246,4,1600,16,FulcrumCombined,625.817,encoder,MB/s,,,
Binary8,2,595.467,234,0,1600,16,FulcrumCombined,595.467,encoder,MB/s,,,
Binary8,2,596.772,234,1,1600,16,FulcrumCombined,596.772,encoder,MB/s,,,
Binary8,2,597.941,236,2,1600,16,FulcrumCombined,597.941,encoder,MB/s,,,
Binary8,2,593.07,236,3,1600,16,FulcrumCombined,593.07,encoder,MB/s,,,
Binary8,2,588.249,237,4,1600,16,FulcrumCombined,588.249,encoder,MB/s,,,
Binary8,3,548.951,227,0,1600,16,FulcrumCombined,548.951,encoder,MB/s,,,
Binary8,3,563.756,227,1,1600,16,FulcrumCombined,563.756,encoder,MB/s,,,
Binary8,3,571.8,227,2,1600,16,FulcrumCombined,571.8,encoder,MB/s,,,
Binary8,3,571.687,227,3,1600,16,FulcrumCombined,571.687,encoder,MB/s,,,
Binary8,3,578.171,227,4,1600,16,FulcrumCombined,578.171,encoder,MB/s,,,
Binary8,4,551.966,216,0,1600,16,FulcrumCombined,551.966,encoder,MB/s,,,
Binary8,4,539.895,216,1,1600,16,FulcrumCombined,539.895,encoder,MB/s,,,
Binary8,4,526.077,216,2,1600,16,FulcrumCombined,526.077,encoder,MB/s,,,
Binary8,4,551.086,216,3,1600,16,FulcrumCombined,551.086,encoder,MB/s,,,
Binary8,4,545.906,218,4,1600,16,FulcrumCombined,545.906,encoder,MB/s,,,
Binary8,1,578.057,234,0,1600,16,FulcrumCombined,614.185,decoder,MB/s,,,
Binary8,1,588.564,234,1,1600,16,FulcrumCombined,625.349,decoder,MB/s,,,
Binary8,1,578.839,234,2,1600,16,FulcrumCombined,615.016,decoder,MB/s,,,
Binary8,1,598.023,234,3,1600,16,FulcrumCombined,598.023,decoder,MB/s,,,
Binary8,1,552.263,234,4,1600,16,FulcrumCombined,621.296,decoder,MB/s,,,
Binary8,2,570.823,223,0,1600,16,FulcrumCombined,570.823,decoder,MB/s,,,
Binary8,2,568.153,223,1,1600,16,FulcrumCombined,568.153,decoder,MB/s,,,
Binary8,2,544.421,223,2,1600,16,FulcrumCombined,544.421,decoder,MB/s,,,
Binary8,2,561.222,231,3,1600,16,FulcrumCombined,561.222,decoder,MB/s,,,
Binary8,2,574.973,231,4,1600,16,FulcrumCombined,574.973,decoder,MB/s,,,
Binary8,3,544.735,216,0,1600,16,FulcrumCombined,544.735,decoder,MB/s,,,
Binary8,3,531.437,216,1,1600,16,FulcrumCombined,531.437,decoder,MB/s,,,
Binary8,3,535.762,216,2,1600,16,FulcrumCombined,535.762,decoder,MB/s,,,
Binary8,3,549.553,216,3,1600,16,FulcrumCombined,549.553,decoder,MB/s,,,
Binary8,3,536.854,216,4,1600,16,FulcrumCombined,536.854,decoder,MB/s,,,
Binary8,4,514.648,206,0,1600,16,FulcrumCombined,546.814,decoder,MB/s,,,
Binary8,4,505.134,206,1,1600,16,FulcrumCombined,505.134,decoder,MB/s,,,
Binary8,4,514.146,206,2,1600,16,FulcrumCombined,514.146,decoder,MB/s,,,
Binary8,4,531.961,210,3,1600,16,FulcrumCombined,531.961,decoder,MB/s,,,
Binary8,4,517.819,210,4,1600,16,FulcrumCombined,517.819,decoder,MB/s,,,
Binary8,1,682.938,134,0,1600,32,FulcrumCombined,682.938,encoder,MB/s,,,
Binary8,1,681.785,134,1,1600,32,FulcrumCombined,681.785,encoder,MB/s,,,
Binary8,1,679.085,134,2,1600,32,FulcrumCombined,679.085,encoder,MB/s,,,
Binary8,1,678.012,134,3,1600,32,FulcrumCombined,678.012,encoder,MB/s,,,
Binary8,1,682.259,134,4,1600,32,FulcrumCombined,682.259,encoder,MB/s,,,
Binary8,2,641.959,127,0,1600,32,FulcrumCombined,641.959,encoder,MB/s,,,
Binary8,2,649.136,127,1,1600,32,FulcrumCombined,649.136,encoder,MB/s,,,
Binary8,2,650.869,128,2,1600,32,FulcrumCombined,650.869,encoder,MB/s,,,
Binary8,2,644.532,128,3,1600,32,FulcrumCombined,644.532,encoder,MB/s,,,
Binary8,2,645.611,128,4,1600,32,FulcrumCombined,645.611,encoder,MB/s,,,
Binary8,3,618.211,122,0,1600,32,FulcrumCombined,618.211,encoder,MB/s,,,
Binary8,3,621.78,122,1,1600,32,FulcrumCombined,621.78,encoder,MB/s,,,
Binary8,3,619.56,122,2,1600,32,FulcrumCombined,619.56,encoder,MB/s,,,
Binary8,3,613.656,122,3,1600,32,FulcrumCombined,613.656,encoder,MB/s,,,
Binary8,3,614.078,122,4,1600,32,FulcrumCombined,614.078,encoder,MB/s,,,
Binary8,4,591.937,117,0,1600,32,FulcrumCombined,591.937,encoder,MB/s,,,
Binary8,4,595.526,117,1,1600,32,FulcrumCombined,595.526,encoder,MB/s,,,
Binary8,4,595.941,117,2,1600,32,FulcrumCombined,595.941,encoder,MB/s,,,
Binary8,4,598.237,118,3,1600,32,FulcrumCombined,598.237,encoder,MB/s,,,
Binary8,4,587.304,118,4,1600,32,FulcrumCombined,587.304,encoder,MB/s,,,
Binary8,1,548.346,113,0,1600,32,FulcrumCombined,582.618,decoder,MB/s,,,
Binary8,1,573.57,113,1,1600,32,FulcrumCombined,573.57,decoder,MB/s,,,
Binary8,1,569.777,114,2,1600,32,FulcrumCombined,569.777,decoder,MB/s,,,
Binary8,1,554.987,114,3,1600,32,FulcrumCombined,572.331,decoder,MB/s,,,
Binary8,1,567.893,114,4,1600,32,FulcrumCombined,567.893,decoder,MB/s,,,
Binary8,2,537.585,108,0,1600,32,FulcrumCombined,537.585,decoder,MB/s,,,
Binary8,2,539.421,108,1,1600,32,FulcrumCombined,539.421,decoder,MB/s,,,
Binary8,2,525.877,108,2,1600,32,FulcrumCombined,542.311,decoder,MB/s,,,
Binary8,2,532.46,108,3,1600,32,FulcrumCombined,532.46,decoder,MB/s,,,
Binary8,2,531.131,108,4,1600,32,FulcrumCombined,531.131,decoder,MB/s,,,
Binary8,3,512.603,102,0,1600,32,FulcrumCombined,512.603,decoder,MB/s,,,
Binary8,3,518.8,103,1,1600,32,FulcrumCombined,518.8,decoder,MB/s,,,
Binary8,3,524.58,103,2,1600,32,FulcrumCombined,524.58,decoder,MB/s,,,
Binary8,3,508.397,103,3,1600,32,FulcrumCombined,508.397,decoder,MB/s,,,
Binary8,3,496.994,103,4,1600,32,FulcrumCombined,496.994,decoder,MB/s,,,
Binary8,4,490.735,99,0,1600,32,FulcrumCombined,490.735,decoder,MB/s,,,
Binary8,4,492.308,99,1,1600,32,FulcrumCombined,492.308,decoder,MB/s,,,
Binary8,4,492.069,99,2,1600,32,FulcrumCombined,492.069,decoder,MB/s,,,
Binary8,4,495.92,99,3,1600,32,FulcrumCombined,495.92,decoder,MB/s,,,
Binary8,4,498.456,99,4,1600,32,FulcrumCombined,498.456,decoder,MB/s,,,
Binary8,1,499.612,49,0,1600,64,FulcrumCombined,499.612,encoder,MB/s,,,
Binary8,1,496.743,49,1,1600,64,FulcrumCombined,496.743,encoder,MB/s,,,
Binary8,1,497.186,49,2,1600,64,FulcrumCombined,497.186,encoder,MB/s,,,
Binary8,1,471.49,49,3,1600,64,FulcrumCombined,471.49,encoder,MB/s,,,
Binary8,1,479.099,49,4,1600,64,FulcrumCombined,479.099,encoder,MB/s,,,
Binary8,2,477.887,47,0,1600,64,FulcrumCombined,477.887,encoder,MB/s,,,
Binary8,2,480.559,47,1,1600,64,FulcrumCombined,480.559,encoder,MB/s,,,
Binary8,2,483.684,48,2,1600,64,FulcrumCombined,483.684,encoder,MB/s,,,
Binary8,2,479.111,48,3,1600,64,FulcrumCombined,479.111,encoder,MB/s,,,
Binary8,2,485.069,48,4,1600,64,FulcrumCombined,485.069,encoder,MB/s,,,
Binary8,3,449.21,45,0,1600,64,FulcrumCombined,449.21,encoder,MB/s,,,
Binary8,3,461.171,46,1,1600,64,FulcrumCombined,461.171,encoder,MB/s,,,
Binary8,3,469.023,46,2,1600,64,FulcrumCombined,469.023,encoder,MB/s,,,
Binary8,3,465.409,46,3,1600,64,FulcrumCombined,465.409,encoder,MB/s,,,
Binary8,3,467.812,46,4,1600,64,FulcrumCombined,467.812,encoder,MB/s,,,
Binary8,4,447.248,45,0,1600,64,FulcrumCombined,447.248,encoder,MB/s,,,
Binary8,4,447.422,45,1,1600,64,FulcrumCombined,447.422,encoder,MB/s,,,
Binary8,4,454.303,45,2,1600,64,FulcrumCombined,454.303,encoder,MB/s,,,
Binary8,4,455.561,45,3,1600,64,FulcrumCombined,455.561,encoder,MB/s,,,
Binary8,4,448.511,45,4,1600,64,FulcrumCombined,448.511,encoder,MB/s,,,
Binary8,1,374.622,38,0,1600,64,FulcrumCombined,380.476,decoder,MB/s,,,
Binary8,1,380.483,38,1,1600,64,FulcrumCombined,380.483,decoder,MB/s,,,
Binary8,1,370.132,38,2,1600,64,FulcrumCombined,381.699,decoder,MB/s,,,
Binary8,1,369.535,38,3,1600,64,FulcrumCombined,369.535,decoder,MB/s,,,
Binary8,1,379.148,38,4,1600,64,FulcrumCombined,379.148,decoder,MB/s,,,
Binary8,2,358.46,36,0,1600,64,FulcrumCombined,358.46,decoder,MB/s,,,
Binary8,2,365.859,36,1,1600,64,FulcrumCombined,365.859,decoder,MB/s,,,
Binary8,2,366.551,36,2,1600,64,FulcrumCombined,366.551,decoder,MB/s,,,
Binary8,2,357.279,36,3,1600,64,FulcrumCombined,357.279,decoder,MB/s,,,
Binary8,2,359.579,36,4,1600,64,FulcrumCombined,359.579,decoder,MB/s,,,
Binary8,3,341.836,34,0,1600,64,FulcrumCombined,341.836,decoder,MB/s,,,
Binary8,3,341.501,34,1,1600,64,FulcrumCombined,341.501,decoder,MB/s,,,
Binary8,3,357.364,35,2,1600,64,FulcrumCombined,357.364,decoder,MB/s,,,
Binary8,3,352.132,35,3,1600,64,FulcrumCombined,352.132,decoder,MB/s,,,
Binary8,3,351.994,35,4,1600,64,FulcrumCombined,351.994,decoder,MB/s,,,
Binary8,4,344.747,34,0,1600,64,FulcrumCombined,344.747,decoder,MB/s,,,
Binary8,4,345.809,34,1,1600,64,FulcrumCombined,345.809,decoder,MB/s,,,
Binary8,4,336.321,34,2,1600,64,FulcrumCombined,336.321,decoder,MB/s,,,
Binary8,4,343.252,34,3,1600,64,FulcrumCombined,343.252,decoder,MB/s,,,
Binary8,4,338.512,34,4,1600,64,FulcrumCombined,338.512,decoder,MB/s,,,
Binary8,1,291.876,15,0,1600,128,FulcrumCombined,291.876,encoder,MB/s,,,
Binary8,1,290.579,15,1,1600,128,FulcrumCombined,290.579,encoder,MB/s,,,
Binary8,1,288.045,15,2,1600,128,FulcrumCombined,288.045,encoder,MB/s,,,
Binary8,1,287.937,15,3,1600,128,FulcrumCombined,287.937,encoder,MB/s,,,
Binary8,1,292.21,15,4,1600,128,FulcrumCombined,292.21,encoder,MB/s,,,
Binary8,2,284.699,14,0,1600,128,FulcrumCombined,284.699,encoder,MB/s,,,
Binary8,2,284.388,14,1,1600,128,FulcrumCombined,284.388,encoder,MB/s,,,
Binary8,2,285.72,14,2,1600,128,FulcrumCombined,285.72,encoder,MB/s,,,
Binary8,2,284.416,14,3,1600,128,FulcrumCombined,284.416,encoder,MB/s,,,
Binary8,2,280.548,14,4,1600,128,FulcrumCombined,280.548,encoder,MB/s,,,
Binary8,3,272.418,14,0,1600,128,FulcrumCombined,272.418,encoder,MB/s,,,
Binary8,3,279.155,14,1,1600,128,FulcrumCombined,279.155,encoder,MB/s,,,
Binary8,3,278.396,14,2,1600,128,FulcrumCombined,278.396,encoder,MB/s,,,
Binary8,3,278.369,14,3,1600,128,FulcrumCombined,278.369,encoder,MB/s,,,
Binary8,3,279.536,14,4,1600,128,FulcrumCombined,279.536,encoder,MB/s,,,
Binary8,4,274.741,14,0,1600,128,FulcrumCombined,274.741,encoder,MB/s,,,
Binary8,4,272.755,14,1,1600,128,FulcrumCombined,272.755,encoder,MB/s,,,
Binary8,4,274.82,14,2,1600,128,FulcrumCombined,274.82,encoder,MB/s,,,
Binary8,4,274.163,14,3,1600,128,FulcrumCombined,274.163,encoder,MB/s,,,
Binary8,4,273.197,14,4,1600,128,FulcrumCombined,273.197,encoder,MB/s,,,
Binary8,1,222.631,11,0,1600,128,FulcrumCombined,224.37,decoder,MB/s,,,
Binary8,1,221.101,11,1,1600,128,FulcrumCombined,221.101,decoder,MB/s,,,
Binary8,1,220.56,11,2,1600,128,FulcrumCombined,222.283,decoder,MB/s,,,
Binary8,1,222.192,11,3,1600,128,FulcrumCombined,222.192,decoder,MB/s,,,
Binary8,1,220,11,4,1600,128,FulcrumCombined,221.719,decoder,MB/s,,,
Binary8,2,194.363,10,0,1600,128,FulcrumCombined,195.881,decoder,MB/s,,,
Binary8,2,208.092,11,1,1600,128,FulcrumCombined,208.092,decoder,MB/s,,,
Binary8,2,213.172,11,2,1600,128,FulcrumCombined,213.172,decoder,MB/s,,,
Binary8,2,194.946,11,3,1600,128,FulcrumCombined,194.946,decoder,MB/s,,,
Binary8,2,192.794,11,4,1600,128,FulcrumCombined,192.794,decoder,MB/s,,,
Binary8,3,212.528,11,0,1600,128,FulcrumCombined,212.528,decoder,MB/s,,,
Binary8,3,210.798,11,1,1600,128,FulcrumCombined,210.798,decoder,MB/s,,,
Binary8,3,213.799,11,2,1600,128,FulcrumCombined,213.799,decoder,MB/s,,,
Binary8,3,209.582,11,3,1600,128,FulcrumCombined,209.582,decoder,MB/s,,,
Binary8,3,214.206,11,4,1600,128,FulcrumCombined,214.206,decoder,MB/s,,,
Binary8,4,189.63,10,0,1600,128,FulcrumCombined,189.63,decoder,MB/s,,,
Binary8,4,206.433,11,1,1600,128,FulcrumCombined,206.433,decoder,MB/s,,,
Binary8,4,204.912,11,2,1600,128,FulcrumCombined,204.912,decoder,MB/s,,,
Binary8,4,209.446,11,3,1600,128,FulcrumCombined,209.446,decoder,MB/s,,,
Binary8,4,207.021,11,4,1600,128,FulcrumCombined,207.021,decoder,MB/s,,,
Binary8,1,140.829,4,0,1600,256,FulcrumCombined,140.829,encoder,MB/s,,,
Binary8,1,149.04,4,1,1600,256,FulcrumCombined,149.04,encoder,MB/s,,,
Binary8,1,150.174,4,2,1600,256,FulcrumCombined,150.174,encoder,MB/s,,,
Binary8,1,146.836,4,3,1600,256,FulcrumCombined,146.836,encoder,MB/s,,,
Binary8,1,149.53,4,4,1600,256,FulcrumCombined,149.53,encoder,MB/s,,,
Binary8,2,135.933,4,0,1600,256,FulcrumCombined,135.933,encoder,MB/s,,,
Binary8,2,142.693,4,1,1600,256,FulcrumCombined,142.693,encoder,MB/s,,,
Binary8,2,146.81,4,2,1600,256,FulcrumCombined,146.81,encoder,MB/s,,,
Binary8,2,146.81,4,3,1600,256,FulcrumCombined,146.81,encoder,MB/s,,,
Binary8,2,148.365,4,4,1600,256,FulcrumCombined,148.365,encoder,MB/s,,,
Binary8,3,135.899,4,0,1600,256,FulcrumCombined,135.899,encoder,MB/s,,,
Binary8,3,146.39,4,1,1600,256,FulcrumCombined,146.39,encoder,MB/s,,,
Binary8,3,147.378,4,2,1600,256,FulcrumCombined,147.378,encoder,MB/s,,,
Binary8,3,136.114,4,3,1600,256,FulcrumCombined,136.114,encoder,MB/s,,,
Binary8,3,147.737,4,4,1600,256,FulcrumCombined,147.737,encoder,MB/s,,,
Binary8,4,145.999,4,0,1600,256,FulcrumCombined,145.999,encoder,MB/s,,,
Binary8,4,144.965,4,1,1600,256,FulcrumCombined,144.965,encoder,MB/s,,,
Binary8,4,145.804,4,2,1600,256,FulcrumCombined,145.804,encoder,MB/s,,,
Binary8,4,146.129,4,3,1600,256,FulcrumCombined,146.129,encoder,MB/s,,,
Binary8,4,144.901,4,4,1600,256,FulcrumCombined,144.901,encoder,MB/s,,,
Binary8,1,114.873,3,0,1600,256,FulcrumCombined,114.873,decoder,MB/s,,,
Binary8,1,113.968,3,1,1600,256,FulcrumCombined,114.413,decoder,MB/s,,,
Binary8,1,113.968,3,2,1600,256,FulcrumCombined,113.968,decoder,MB/s,,,
Binary8,1,114.627,3,3,1600,256,FulcrumCombined,114.627,decoder,MB/s,,,
Binary8,1,113.233,3,4,1600,256,FulcrumCombined,113.233,decoder,MB/s,,,
Binary8,2,106.954,3,0,1600,256,FulcrumCombined,106.954,decoder,MB/s,,,
Binary8,2,112.703,3,1,1600,256,FulcrumCombined,112.703,decoder,MB/s,,,
Binary8,2,104.855,3,2,1600,256,FulcrumCombined,104.855,decoder,MB/s,,,
Binary8,2,111.892,3,3,1600,256,FulcrumCombined,111.892,decoder,MB/s,,,
Binary8,2,111.638,3,4,1600,256,FulcrumCombined,111.638,decoder,MB/s,,,
Binary8,3,101.227,3,0,1600,256,FulcrumCombined,101.227,decoder,MB/s,,,
Binary8,3,109.753,3,1,1600,256,FulcrumCombined,109.753,decoder,MB/s,,,
Binary8,3,110.863,3,2,1600,256,FulcrumCombined,110.863,decoder,MB/s,,,
Binary8,3,112.527,3,3,1600,256,FulcrumCombined,112.527,decoder,MB/s,,,
Binary8,3,111.547,3,4,1600,256,FulcrumCombined,111.547,decoder,MB/s,,,
Binary8,4,108.341,3,0,1600,256,FulcrumCombined,108.341,decoder,MB/s,,,
Binary8,4,110.573,3,1,1600,256,FulcrumCombined,110.573,decoder,MB/s,,,
Binary8,4,100.327,3,2,1600,256,FulcrumCombined,100.327,decoder,MB/s,,,
Binary8,4,103.487,3,3,1600,256,FulcrumCombined,103.487,decoder,MB/s,,,
Binary8,4,99.5947,3,4,1600,256,FulcrumCombined,99.5947,decoder,MB/s,,Combined,
