benchmark,density,expansion,goodput,iterations,run_number,symbol_size,symbols,testcase,throughput,type,unit
Binary,0.2,1,604.108,247,0,1600,16,FulcrumInner,604.108,encoder,MB/s
Binary,0.2,1,614.42,248,1,1600,16,FulcrumInner,614.42,encoder,MB/s
Binary,0.2,1,634.182,248,2,1600,16,FulcrumInner,634.182,encoder,MB/s
Binary,0.2,1,640.699,252,3,1600,16,FulcrumInner,640.699,encoder,MB/s
Binary,0.2,1,635.837,252,4,1600,16,FulcrumInner,635.837,encoder,MB/s
Binary,0.2,2,601.813,236,0,1600,16,FulcrumInner,601.813,encoder,MB/s
Binary,0.2,2,610.425,242,1,1600,16,FulcrumInner,610.425,encoder,MB/s
Binary,0.2,2,610.906,242,2,1600,16,FulcrumInner,610.906,encoder,MB/s
Binary,0.2,2,593.871,243,3,1600,16,FulcrumInner,593.871,encoder,MB/s
Binary,0.2,2,599.018,243,4,1600,16,FulcrumInner,599.018,encoder,MB/s
Binary,0.2,3,591.16,233,0,1600,16,FulcrumInner,591.16,encoder,MB/s
Binary,0.2,3,598.978,238,1,1600,16,FulcrumInner,598.978,encoder,MB/s
Binary,0.2,3,597.099,238,2,1600,16,FulcrumInner,597.099,encoder,MB/s
Binary,0.2,3,596.048,238,3,1600,16,FulcrumInner,596.048,encoder,MB/s
Binary,0.2,3,598.86,238,4,1600,16,FulcrumInner,598.86,encoder,MB/s
Binary,0.2,4,586.24,232,0,1600,16,FulcrumInner,586.24,encoder,MB/s
Binary,0.2,4,572.674,232,1,1600,16,FulcrumInner,572.674,encoder,MB/s
Binary,0.2,4,582.674,232,2,1600,16,FulcrumInner,582.674,encoder,MB/s
Binary,0.2,4,557.41,232,3,1600,16,FulcrumInner,557.41,encoder,MB/s
Binary,0.2,4,571.022,232,4,1600,16,FulcrumInner,571.022,encoder,MB/s
Binary,0.3,1,577.424,227,0,1600,16,FulcrumInner,577.424,encoder,MB/s
Binary,0.3,1,614.82,246,1,1600,16,FulcrumInner,614.82,encoder,MB/s
Binary,0.3,1,620.759,246,2,1600,16,FulcrumInner,620.759,encoder,MB/s
Binary,0.3,1,619.294,246,3,1600,16,FulcrumInner,619.294,encoder,MB/s
Binary,0.3,1,625.134,246,4,1600,16,FulcrumInner,625.134,encoder,MB/s
Binary,0.3,2,603.869,239,0,1600,16,FulcrumInner,603.869,encoder,MB/s
Binary,0.3,2,611.107,239,1,1600,16,FulcrumInner,611.107,encoder,MB/s
Binary,0.3,2,596.161,239,2,1600,16,FulcrumInner,596.161,encoder,MB/s
Binary,0.3,2,609.828,239,3,1600,16,FulcrumInner,609.828,encoder,MB/s
Binary,0.3,2,606.635,240,4,1600,16,FulcrumInner,606.635,encoder,MB/s
Binary,0.3,3,557.133,218,0,1600,16,FulcrumInner,557.133,encoder,MB/s
Binary,0.3,3,591.893,235,1,1600,16,FulcrumInner,591.893,encoder,MB/s
Binary,0.3,3,590.905,235,2,1600,16,FulcrumInner,590.905,encoder,MB/s
Binary,0.3,3,610.661,243,3,1600,16,FulcrumInner,610.661,encoder,MB/s
Binary,0.3,3,580.353,243,4,1600,16,FulcrumInner,580.353,encoder,MB/s
Binary,0.3,4,577.778,234,0,1600,16,FulcrumInner,577.778,encoder,MB/s
Binary,0.3,4,588.506,234,1,1600,16,FulcrumInner,588.506,encoder,MB/s
Binary,0.3,4,589.548,234,2,1600,16,FulcrumInner,589.548,encoder,MB/s
Binary,0.3,4,549.982,234,3,1600,16,FulcrumInner,549.982,encoder,MB/s
Binary,0.3,4,583.405,234,4,1600,16,FulcrumInner,583.405,encoder,MB/s
Binary,0.4,1,597.325,239,0,1600,16,FulcrumInner,597.325,encoder,MB/s
Binary,0.4,1,603.75,239,1,1600,16,FulcrumInner,603.75,encoder,MB/s
Binary,0.4,1,607.647,239,2,1600,16,FulcrumInner,607.647,encoder,MB/s
Binary,0.4,1,605.602,239,3,1600,16,FulcrumInner,605.602,encoder,MB/s
Binary,0.4,1,606.743,239,4,1600,16,FulcrumInner,606.743,encoder,MB/s
Binary,0.4,2,589.291,233,0,1600,16,FulcrumInner,589.291,encoder,MB/s
Binary,0.4,2,586.164,233,1,1600,16,FulcrumInner,586.164,encoder,MB/s
Binary,0.4,2,591.511,233,2,1600,16,FulcrumInner,591.511,encoder,MB/s
Binary,0.4,2,585.473,233,3,1600,16,FulcrumInner,585.473,encoder,MB/s
Binary,0.4,2,589.815,233,4,1600,16,FulcrumInner,589.815,encoder,MB/s
Binary,0.4,3,562.777,221,0,1600,16,FulcrumInner,562.777,encoder,MB/s
Binary,0.4,3,562.693,224,1,1600,16,FulcrumInner,562.693,encoder,MB/s
Binary,0.4,3,578.97,231,2,1600,16,FulcrumInner,578.97,encoder,MB/s
Binary,0.4,3,582.678,231,3,1600,16,FulcrumInner,582.678,encoder,MB/s
Binary,0.4,3,582.506,231,4,1600,16,FulcrumInner,582.506,encoder,MB/s
Binary,0.4,4,565.83,222,0,1600,16,FulcrumInner,565.83,encoder,MB/s
Binary,0.4,4,564.65,222,1,1600,16,FulcrumInner,564.65,encoder,MB/s
Binary,0.4,4,563.331,223,2,1600,16,FulcrumInner,563.331,encoder,MB/s
Binary,0.4,4,556.522,223,3,1600,16,FulcrumInner,556.522,encoder,MB/s
Binary,0.4,4,572.095,226,4,1600,16,FulcrumInner,572.095,encoder,MB/s
Binary,0.5,1,607.7,238,0,1600,16,FulcrumInner,607.7,encoder,MB/s
Binary,0.5,1,600.039,238,1,1600,16,FulcrumInner,600.039,encoder,MB/s
Binary,0.5,1,603.248,238,2,1600,16,FulcrumInner,603.248,encoder,MB/s
Binary,0.5,1,598.978,238,3,1600,16,FulcrumInner,598.978,encoder,MB/s
Binary,0.5,1,600.276,238,4,1600,16,FulcrumInner,600.276,encoder,MB/s
Binary,0.5,2,572.707,230,0,1600,16,FulcrumInner,572.707,encoder,MB/s
Binary,0.5,2,587.891,231,1,1600,16,FulcrumInner,587.891,encoder,MB/s
Binary,0.5,2,589.004,231,2,1600,16,FulcrumInner,589.004,encoder,MB/s
Binary,0.5,2,591.863,233,3,1600,16,FulcrumInner,591.863,encoder,MB/s
Binary,0.5,2,588.187,233,4,1600,16,FulcrumInner,588.187,encoder,MB/s
Binary,0.5,3,582.689,228,0,1600,16,FulcrumInner,582.689,encoder,MB/s
Binary,0.5,3,568.889,228,1,1600,16,FulcrumInner,568.889,encoder,MB/s
Binary,0.5,3,573.416,228,2,1600,16,FulcrumInner,573.416,encoder,MB/s
Binary,0.5,3,573.585,228,3,1600,16,FulcrumInner,573.585,encoder,MB/s
Binary,0.5,3,574.206,228,4,1600,16,FulcrumInner,574.206,encoder,MB/s
Binary,0.5,4,549.576,215,0,1600,16,FulcrumInner,549.576,encoder,MB/s
Binary,0.5,4,523.219,222,1,1600,16,FulcrumInner,523.219,encoder,MB/s
Binary,0.5,4,556.304,222,2,1600,16,FulcrumInner,556.304,encoder,MB/s
Binary,0.5,4,558.985,222,3,1600,16,FulcrumInner,558.985,encoder,MB/s
Binary,0.5,4,553.648,222,4,1600,16,FulcrumInner,553.648,encoder,MB/s
Binary,0.2,1,1320.83,579,0,1600,16,FulcrumInner,1651.04,decoder,MB/s
Binary,0.2,1,1464.81,579,1,1600,16,FulcrumInner,1647.91,decoder,MB/s
Binary,0.2,1,1282.55,579,2,1600,16,FulcrumInner,1763.5,decoder,MB/s
Binary,0.2,1,1627.72,657,3,1600,16,FulcrumInner,1729.45,decoder,MB/s
Binary,0.2,1,1573.95,657,4,1600,16,FulcrumInner,1672.32,decoder,MB/s
Binary,0.2,2,1315.75,552,0,1600,16,FulcrumInner,1480.22,decoder,MB/s
Binary,0.2,2,1298.63,561,1,1600,16,FulcrumInner,1785.62,decoder,MB/s
Binary,0.2,2,1380.81,565,2,1600,16,FulcrumInner,1639.71,decoder,MB/s
Binary,0.2,2,1420.69,565,3,1600,16,FulcrumInner,1687.06,decoder,MB/s
Binary,0.2,2,1293.39,565,4,1600,16,FulcrumInner,1535.9,decoder,MB/s
Binary,0.2,3,1167,504,0,1600,16,FulcrumInner,1677.57,decoder,MB/s
Binary,0.2,3,1238.35,504,1,1600,16,FulcrumInner,1547.94,decoder,MB/s
Binary,0.2,3,1198.73,531,2,1600,16,FulcrumInner,1573.33,decoder,MB/s
Binary,0.2,3,1225.2,531,3,1600,16,FulcrumInner,1761.23,decoder,MB/s
Binary,0.2,3,1193.68,531,4,1600,16,FulcrumInner,1641.31,decoder,MB/s
Binary,0.2,4,1045.15,431,0,1600,16,FulcrumInner,1567.72,decoder,MB/s
Binary,0.2,4,1195.84,476,1,1600,16,FulcrumInner,1569.54,decoder,MB/s
Binary,0.2,4,1146.12,476,2,1600,16,FulcrumInner,1647.55,decoder,MB/s
Binary,0.2,4,1115.95,534,3,1600,16,FulcrumInner,1464.69,decoder,MB/s
Binary,0.2,4,1039.02,534,4,1600,16,FulcrumInner,1623.47,decoder,MB/s
Binary,0.3,1,1531.04,630,0,1600,16,FulcrumInner,1626.73,decoder,MB/s
Binary,0.3,1,1455.6,630,1,1600,16,FulcrumInner,1819.49,decoder,MB/s
Binary,0.3,1,1503.36,630,2,1600,16,FulcrumInner,1597.32,decoder,MB/s
Binary,0.3,1,1385.91,634,3,1600,16,FulcrumInner,1819.01,decoder,MB/s
Binary,0.3,1,1330.36,634,4,1600,16,FulcrumInner,1746.1,decoder,MB/s
Binary,0.3,2,1303.68,523,0,1600,16,FulcrumInner,1629.6,decoder,MB/s
Binary,0.3,2,1162.38,587,1,1600,16,FulcrumInner,1743.56,decoder,MB/s
Binary,0.3,2,1407.04,587,2,1600,16,FulcrumInner,1758.8,decoder,MB/s
Binary,0.3,2,1361.65,587,3,1600,16,FulcrumInner,1787.17,decoder,MB/s
Binary,0.3,2,1393.68,594,4,1600,16,FulcrumInner,1567.89,decoder,MB/s
Binary,0.3,3,1105.02,485,0,1600,16,FulcrumInner,1657.53,decoder,MB/s
Binary,0.3,3,1226.03,485,1,1600,16,FulcrumInner,1609.16,decoder,MB/s
Binary,0.3,3,1127.39,485,2,1600,16,FulcrumInner,1761.55,decoder,MB/s
Binary,0.3,3,1331.68,527,3,1600,16,FulcrumInner,1664.59,decoder,MB/s
Binary,0.3,3,1244,527,4,1600,16,FulcrumInner,1632.75,decoder,MB/s
Binary,0.3,4,1184.95,470,0,1600,16,FulcrumInner,1555.25,decoder,MB/s
Binary,0.3,4,1126.07,500,1,1600,16,FulcrumInner,1548.34,decoder,MB/s
Binary,0.3,4,1161.63,500,2,1600,16,FulcrumInner,1669.84,decoder,MB/s
Binary,0.3,4,1078.35,500,3,1600,16,FulcrumInner,1550.13,decoder,MB/s
Binary,0.3,4,1163.32,500,4,1600,16,FulcrumInner,1454.15,decoder,MB/s
Binary,0.4,1,1155.67,574,0,1600,16,FulcrumInner,1733.51,decoder,MB/s
Binary,0.4,1,1517.09,637,1,1600,16,FulcrumInner,1801.54,decoder,MB/s
Binary,0.4,1,1551.29,637,2,1600,16,FulcrumInner,1842.16,decoder,MB/s
Binary,0.4,1,1481.66,637,3,1600,16,FulcrumInner,1759.48,decoder,MB/s
Binary,0.4,1,1591.72,637,4,1600,16,FulcrumInner,1890.17,decoder,MB/s
Binary,0.4,2,1400.58,550,0,1600,16,FulcrumInner,1750.72,decoder,MB/s
Binary,0.4,2,1297.88,559,1,1600,16,FulcrumInner,1541.23,decoder,MB/s
Binary,0.4,2,1337.42,566,2,1600,16,FulcrumInner,1671.77,decoder,MB/s
Binary,0.4,2,1382.33,566,3,1600,16,FulcrumInner,1641.52,decoder,MB/s
Binary,0.4,2,1231.38,566,4,1600,16,FulcrumInner,1693.14,decoder,MB/s
Binary,0.4,3,1127.03,473,0,1600,16,FulcrumInner,1479.23,decoder,MB/s
Binary,0.4,3,1183.89,473,1,1600,16,FulcrumInner,1553.85,decoder,MB/s
Binary,0.4,3,1117.53,509,2,1600,16,FulcrumInner,1606.45,decoder,MB/s
Binary,0.4,3,1208.76,509,3,1600,16,FulcrumInner,1586.49,decoder,MB/s
Binary,0.4,3,1212.02,509,4,1600,16,FulcrumInner,1515.02,decoder,MB/s
Binary,0.4,4,1046.68,480,0,1600,16,FulcrumInner,1439.18,decoder,MB/s
Binary,0.4,4,1101.37,480,1,1600,16,FulcrumInner,1445.55,decoder,MB/s
Binary,0.4,4,1227.94,480,2,1600,16,FulcrumInner,1534.93,decoder,MB/s
Binary,0.4,4,1202.47,480,3,1600,16,FulcrumInner,1653.39,decoder,MB/s
Binary,0.4,4,1145.84,480,4,1600,16,FulcrumInner,1503.92,decoder,MB/s
Binary,0.5,1,1498.55,637,0,1600,16,FulcrumInner,1685.87,decoder,MB/s
Binary,0.5,1,1617.62,637,1,1600,16,FulcrumInner,1718.72,decoder,MB/s
Binary,0.5,1,1514.25,649,2,1600,16,FulcrumInner,1703.54,decoder,MB/s
Binary,0.5,1,1582.17,649,3,1600,16,FulcrumInner,1779.94,decoder,MB/s
Binary,0.5,1,1548.51,656,4,1600,16,FulcrumInner,1645.29,decoder,MB/s
Binary,0.5,2,1360.42,576,0,1600,16,FulcrumInner,1785.55,decoder,MB/s
Binary,0.5,2,1399.81,576,1,1600,16,FulcrumInner,1662.27,decoder,MB/s
Binary,0.5,2,1373.47,576,2,1600,16,FulcrumInner,1631,decoder,MB/s
Binary,0.5,2,1316.69,576,3,1600,16,FulcrumInner,1645.86,decoder,MB/s
Binary,0.5,2,1336.74,576,4,1600,16,FulcrumInner,1670.93,decoder,MB/s
Binary,0.5,3,1136.36,500,0,1600,16,FulcrumInner,1562.5,decoder,MB/s
Binary,0.5,3,1169.1,506,1,1600,16,FulcrumInner,1753.65,decoder,MB/s
Binary,0.5,3,1240.29,506,2,1600,16,FulcrumInner,1627.88,decoder,MB/s
Binary,0.5,3,1275.71,506,3,1600,16,FulcrumInner,1594.64,decoder,MB/s
Binary,0.5,3,1350.16,561,4,1600,16,FulcrumInner,1603.31,decoder,MB/s
Binary,0.5,4,1130.99,485,0,1600,16,FulcrumInner,1484.42,decoder,MB/s
Binary,0.5,4,1128.21,485,1,1600,16,FulcrumInner,1551.29,decoder,MB/s
Binary,0.5,4,1178.92,491,2,1600,16,FulcrumInner,1473.64,decoder,MB/s
Binary,0.5,4,1148.2,507,3,1600,16,FulcrumInner,1507.01,decoder,MB/s
Binary,0.5,4,1105.84,507,4,1600,16,FulcrumInner,1589.64,decoder,MB/s
Binary,0.2,1,635.461,126,0,1600,32,FulcrumInner,635.461,encoder,MB/s
Binary,0.2,1,668.981,131,1,1600,32,FulcrumInner,668.981,encoder,MB/s
Binary,0.2,1,664.013,131,2,1600,32,FulcrumInner,664.013,encoder,MB/s
Binary,0.2,1,667.782,131,3,1600,32,FulcrumInner,667.782,encoder,MB/s
Binary,0.2,1,669.511,133,4,1600,32,FulcrumInner,669.511,encoder,MB/s
Binary,0.2,2,625.01,123,0,1600,32,FulcrumInner,625.01,encoder,MB/s
Binary,0.2,2,629.445,123,1,1600,32,FulcrumInner,629.445,encoder,MB/s
Binary,0.2,2,639.683,126,2,1600,32,FulcrumInner,639.683,encoder,MB/s
Binary,0.2,2,648.101,131,3,1600,32,FulcrumInner,648.101,encoder,MB/s
Binary,0.2,2,647.288,131,4,1600,32,FulcrumInner,647.288,encoder,MB/s
Binary,0.2,3,636.705,128,0,1600,32,FulcrumInner,636.705,encoder,MB/s
Binary,0.2,3,636.087,128,1,1600,32,FulcrumInner,636.087,encoder,MB/s
Binary,0.2,3,648.101,128,2,1600,32,FulcrumInner,648.101,encoder,MB/s
Binary,0.2,3,645.293,128,3,1600,32,FulcrumInner,645.293,encoder,MB/s
Binary,0.2,3,637.426,130,4,1600,32,FulcrumInner,637.426,encoder,MB/s
Binary,0.2,4,583.622,114,0,1600,32,FulcrumInner,583.622,encoder,MB/s
Binary,0.2,4,612.786,123,1,1600,32,FulcrumInner,612.786,encoder,MB/s
Binary,0.2,4,624.145,124,2,1600,32,FulcrumInner,624.145,encoder,MB/s
Binary,0.2,4,626.918,124,3,1600,32,FulcrumInner,626.918,encoder,MB/s
Binary,0.2,4,628.345,124,4,1600,32,FulcrumInner,628.345,encoder,MB/s
Binary,0.3,1,613.622,123,0,1600,32,FulcrumInner,613.622,encoder,MB/s
Binary,0.3,1,671.009,132,1,1600,32,FulcrumInner,671.009,encoder,MB/s
Binary,0.3,1,646.923,132,2,1600,32,FulcrumInner,646.923,encoder,MB/s
Binary,0.3,1,656.793,132,3,1600,32,FulcrumInner,656.793,encoder,MB/s
Binary,0.3,1,655.837,132,4,1600,32,FulcrumInner,655.837,encoder,MB/s
Binary,0.3,2,641.741,129,0,1600,32,FulcrumInner,641.741,encoder,MB/s
Binary,0.3,2,635.811,129,1,1600,32,FulcrumInner,635.811,encoder,MB/s
Binary,0.3,2,628.43,129,2,1600,32,FulcrumInner,628.43,encoder,MB/s
Binary,0.3,2,638.453,129,3,1600,32,FulcrumInner,638.453,encoder,MB/s
Binary,0.3,2,635.994,129,4,1600,32,FulcrumInner,635.994,encoder,MB/s
Binary,0.3,3,640.381,126,0,1600,32,FulcrumInner,640.381,encoder,MB/s
Binary,0.3,3,634.961,126,1,1600,32,FulcrumInner,634.961,encoder,MB/s
Binary,0.3,3,639.049,126,2,1600,32,FulcrumInner,639.049,encoder,MB/s
Binary,0.3,3,631.727,126,3,1600,32,FulcrumInner,631.727,encoder,MB/s
Binary,0.3,3,620.01,126,4,1600,32,FulcrumInner,620.01,encoder,MB/s
Binary,0.3,4,599.555,121,0,1600,32,FulcrumInner,599.555,encoder,MB/s
Binary,0.3,4,616.499,121,1,1600,32,FulcrumInner,616.499,encoder,MB/s
Binary,0.3,4,611.69,121,2,1600,32,FulcrumInner,611.69,encoder,MB/s
Binary,0.3,4,615.703,121,3,1600,32,FulcrumInner,615.703,encoder,MB/s
Binary,0.3,4,600.252,121,4,1600,32,FulcrumInner,600.252,encoder,MB/s
Binary,0.4,1,668.981,131,0,1600,32,FulcrumInner,668.981,encoder,MB/s
Binary,0.4,1,657.375,131,1,1600,32,FulcrumInner,657.375,encoder,MB/s
Binary,0.4,1,662.767,131,2,1600,32,FulcrumInner,662.767,encoder,MB/s
Binary,0.4,1,669.248,131,3,1600,32,FulcrumInner,669.248,encoder,MB/s
Binary,0.4,1,626.256,131,4,1600,32,FulcrumInner,626.256,encoder,MB/s
Binary,0.4,2,607.804,122,0,1600,32,FulcrumInner,607.804,encoder,MB/s
Binary,0.4,2,630.65,129,1,1600,32,FulcrumInner,630.65,encoder,MB/s
Binary,0.4,2,637.652,129,2,1600,32,FulcrumInner,637.652,encoder,MB/s
Binary,0.4,2,648.738,129,3,1600,32,FulcrumInner,648.738,encoder,MB/s
Binary,0.4,2,621.394,129,4,1600,32,FulcrumInner,621.394,encoder,MB/s
Binary,0.4,3,602.533,118,0,1600,32,FulcrumInner,602.533,encoder,MB/s
Binary,0.4,3,610.706,123,1,1600,32,FulcrumInner,610.706,encoder,MB/s
Binary,0.4,3,625.072,123,2,1600,32,FulcrumInner,625.072,encoder,MB/s
Binary,0.4,3,623.957,123,3,1600,32,FulcrumInner,623.957,encoder,MB/s
Binary,0.4,3,618.564,123,4,1600,32,FulcrumInner,618.564,encoder,MB/s
Binary,0.4,4,565.099,111,0,1600,32,FulcrumInner,565.099,encoder,MB/s
Binary,0.4,4,553.02,115,1,1600,32,FulcrumInner,553.02,encoder,MB/s
Binary,0.4,4,579.813,115,2,1600,32,FulcrumInner,579.813,encoder,MB/s
Binary,0.4,4,602.413,118,3,1600,32,FulcrumInner,602.413,encoder,MB/s
Binary,0.4,4,605.619,120,4,1600,32,FulcrumInner,605.619,encoder,MB/s
Binary,0.5,1,630.231,125,0,1600,32,FulcrumInner,630.231,encoder,MB/s
Binary,0.5,1,609.985,126,1,1600,32,FulcrumInner,609.985,encoder,MB/s
Binary,0.5,1,622.763,126,2,1600,32,FulcrumInner,622.763,encoder,MB/s
Binary,0.5,1,655.628,129,3,1600,32,FulcrumInner,655.628,encoder,MB/s
Binary,0.5,1,657.652,129,4,1600,32,FulcrumInner,657.652,encoder,MB/s
Binary,0.5,2,584.649,115,0,1600,32,FulcrumInner,584.649,encoder,MB/s
Binary,0.5,2,613.568,121,1,1600,32,FulcrumInner,613.568,encoder,MB/s
Binary,0.5,2,606.647,123,2,1600,32,FulcrumInner,606.647,encoder,MB/s
Binary,0.5,2,617.593,123,3,1600,32,FulcrumInner,617.593,encoder,MB/s
Binary,0.5,2,616.686,123,4,1600,32,FulcrumInner,616.686,encoder,MB/s
Binary,0.5,3,562.637,111,0,1600,32,FulcrumInner,562.637,encoder,MB/s
Binary,0.5,3,562.141,112,1,1600,32,FulcrumInner,562.141,encoder,MB/s
Binary,0.5,3,578.727,117,2,1600,32,FulcrumInner,578.727,encoder,MB/s
Binary,0.5,3,584.714,117,3,1600,32,FulcrumInner,584.714,encoder,MB/s
Binary,0.5,3,600.079,118,4,1600,32,FulcrumInner,600.079,encoder,MB/s
Binary,0.5,4,551.071,111,0,1600,32,FulcrumInner,551.071,encoder,MB/s
Binary,0.5,4,564.706,111,1,1600,32,FulcrumInner,564.706,encoder,MB/s
Binary,0.5,4,585.987,115,2,1600,32,FulcrumInner,585.987,encoder,MB/s
Binary,0.5,4,588.094,115,3,1600,32,FulcrumInner,588.094,encoder,MB/s
Binary,0.5,4,569.7,117,4,1600,32,FulcrumInner,569.7,encoder,MB/s
Binary,0.2,1,866.599,184,0,1600,32,FulcrumInner,974.924,decoder,MB/s
Binary,0.2,1,804.303,184,1,1600,32,FulcrumInner,980.244,decoder,MB/s
Binary,0.2,1,885.081,184,2,1600,32,FulcrumInner,995.716,decoder,MB/s
Binary,0.2,1,851.339,185,3,1600,32,FulcrumInner,984.361,decoder,MB/s
Binary,0.2,1,912.7,185,4,1600,32,FulcrumInner,941.222,decoder,MB/s
Binary,0.2,2,839.589,169,0,1600,32,FulcrumInner,970.774,decoder,MB/s
Binary,0.2,2,849.313,169,1,1600,32,FulcrumInner,982.018,decoder,MB/s
Binary,0.2,2,888.179,178,2,1600,32,FulcrumInner,971.445,decoder,MB/s
Binary,0.2,2,889.566,178,3,1600,32,FulcrumInner,1000.76,decoder,MB/s
Binary,0.2,2,907.097,178,4,1600,32,FulcrumInner,992.137,decoder,MB/s
Binary,0.2,3,789.549,157,0,1600,32,FulcrumInner,888.243,decoder,MB/s
Binary,0.2,3,721.424,171,1,1600,32,FulcrumInner,946.869,decoder,MB/s
Binary,0.2,3,858.69,171,2,1600,32,FulcrumInner,992.86,decoder,MB/s
Binary,0.2,3,794.294,174,3,1600,32,FulcrumInner,918.402,decoder,MB/s
Binary,0.2,3,871.873,174,4,1600,32,FulcrumInner,1008.1,decoder,MB/s
Binary,0.2,4,761.483,156,0,1600,32,FulcrumInner,904.262,decoder,MB/s
Binary,0.2,4,813.575,162,1,1600,32,FulcrumInner,940.696,decoder,MB/s
Binary,0.2,4,818.23,162,2,1600,32,FulcrumInner,946.079,decoder,MB/s
Binary,0.2,4,822.449,162,3,1600,32,FulcrumInner,976.658,decoder,MB/s
Binary,0.2,4,810.079,162,4,1600,32,FulcrumInner,961.969,decoder,MB/s
Binary,0.3,1,934.81,183,0,1600,32,FulcrumInner,993.236,decoder,MB/s
Binary,0.3,1,940.127,191,1,1600,32,FulcrumInner,969.506,decoder,MB/s
Binary,0.3,1,973.636,191,2,1600,32,FulcrumInner,1004.06,decoder,MB/s
Binary,0.3,1,852.371,192,3,1600,32,FulcrumInner,1012.19,decoder,MB/s
Binary,0.3,1,929.589,192,4,1600,32,FulcrumInner,987.688,decoder,MB/s
Binary,0.3,2,856.077,182,0,1600,32,FulcrumInner,936.334,decoder,MB/s
Binary,0.3,2,916.804,182,1,1600,32,FulcrumInner,1002.75,decoder,MB/s
Binary,0.3,2,920.336,182,2,1600,32,FulcrumInner,1006.62,decoder,MB/s
Binary,0.3,2,859.552,182,3,1600,32,FulcrumInner,966.996,decoder,MB/s
Binary,0.3,2,866.586,182,4,1600,32,FulcrumInner,947.829,decoder,MB/s
Binary,0.3,3,825.889,162,0,1600,32,FulcrumInner,954.934,decoder,MB/s
Binary,0.3,3,811.767,166,1,1600,32,FulcrumInner,963.973,decoder,MB/s
Binary,0.3,3,781.093,173,2,1600,32,FulcrumInner,951.958,decoder,MB/s
Binary,0.3,3,866.778,173,3,1600,32,FulcrumInner,948.038,decoder,MB/s
Binary,0.3,3,845.191,173,4,1600,32,FulcrumInner,950.84,decoder,MB/s
Binary,0.3,4,759.193,150,0,1600,32,FulcrumInner,925.267,decoder,MB/s
Binary,0.3,4,798.306,162,1,1600,32,FulcrumInner,923.041,decoder,MB/s
Binary,0.3,4,811.744,162,2,1600,32,FulcrumInner,938.579,decoder,MB/s
Binary,0.3,4,849.75,166,3,1600,32,FulcrumInner,955.969,decoder,MB/s
Binary,0.3,4,780.173,166,4,1600,32,FulcrumInner,902.075,decoder,MB/s
Binary,0.4,1,836.661,184,0,1600,32,FulcrumInner,967.389,decoder,MB/s
Binary,0.4,1,885.081,184,1,1600,32,FulcrumInner,1023.37,decoder,MB/s
Binary,0.4,1,801.015,185,2,1600,32,FulcrumInner,1026.3,decoder,MB/s
Binary,0.4,1,960.411,190,3,1600,32,FulcrumInner,990.424,decoder,MB/s
Binary,0.4,1,955.787,190,4,1600,32,FulcrumInner,985.655,decoder,MB/s
Binary,0.4,2,851.559,168,0,1600,32,FulcrumInner,1011.23,decoder,MB/s
Binary,0.4,2,837.873,168,1,1600,32,FulcrumInner,968.79,decoder,MB/s
Binary,0.4,2,871.172,175,2,1600,32,FulcrumInner,952.844,decoder,MB/s
Binary,0.4,2,873.653,177,3,1600,32,FulcrumInner,955.558,decoder,MB/s
Binary,0.4,2,849.268,188,4,1600,32,FulcrumInner,981.966,decoder,MB/s
Binary,0.4,3,798.69,162,0,1600,32,FulcrumInner,873.568,decoder,MB/s
Binary,0.4,3,850.213,168,1,1600,32,FulcrumInner,956.489,decoder,MB/s
Binary,0.4,3,820.998,168,2,1600,32,FulcrumInner,974.936,decoder,MB/s
Binary,0.4,3,837.546,168,3,1600,32,FulcrumInner,968.413,decoder,MB/s
Binary,0.4,3,751.698,169,4,1600,32,FulcrumInner,986.604,decoder,MB/s
Binary,0.4,4,815.512,161,0,1600,32,FulcrumInner,942.936,decoder,MB/s
Binary,0.4,4,806.946,167,1,1600,32,FulcrumInner,983.465,decoder,MB/s
Binary,0.4,4,811.773,167,2,1600,32,FulcrumInner,963.98,decoder,MB/s
Binary,0.4,4,811.387,167,3,1600,32,FulcrumInner,938.167,decoder,MB/s
Binary,0.4,4,830.781,167,4,1600,32,FulcrumInner,960.591,decoder,MB/s
Binary,0.5,1,915.993,182,0,1600,32,FulcrumInner,1001.87,decoder,MB/s
Binary,0.5,1,977.099,205,1,1600,32,FulcrumInner,1007.63,decoder,MB/s
Binary,0.5,1,905.374,205,2,1600,32,FulcrumInner,1018.55,decoder,MB/s
Binary,0.5,1,857.306,205,3,1600,32,FulcrumInner,991.26,decoder,MB/s
Binary,0.5,1,949.95,205,4,1600,32,FulcrumInner,1039.01,decoder,MB/s
Binary,0.5,2,853.5,171,0,1600,32,FulcrumInner,986.859,decoder,MB/s
Binary,0.5,2,878.119,186,1,1600,32,FulcrumInner,1015.33,decoder,MB/s
Binary,0.5,2,854.635,186,2,1600,32,FulcrumInner,988.172,decoder,MB/s
Binary,0.5,2,903.872,186,3,1600,32,FulcrumInner,988.61,decoder,MB/s
Binary,0.5,2,864.017,186,4,1600,32,FulcrumInner,999.02,decoder,MB/s
Binary,0.5,3,851.756,171,0,1600,32,FulcrumInner,958.226,decoder,MB/s
Binary,0.5,3,846.801,175,1,1600,32,FulcrumInner,952.651,decoder,MB/s
Binary,0.5,3,818.788,175,2,1600,32,FulcrumInner,972.311,decoder,MB/s
Binary,0.5,3,867.965,175,3,1600,32,FulcrumInner,949.336,decoder,MB/s
Binary,0.5,3,816.624,175,4,1600,32,FulcrumInner,918.702,decoder,MB/s
Binary,0.5,4,779.239,156,0,1600,32,FulcrumInner,900.995,decoder,MB/s
Binary,0.5,4,721.561,164,1,1600,32,FulcrumInner,924.499,decoder,MB/s
Binary,0.5,4,807.54,164,2,1600,32,FulcrumInner,984.189,decoder,MB/s
Binary,0.5,4,761.891,164,3,1600,32,FulcrumInner,880.936,decoder,MB/s
Binary,0.5,4,799.924,164,4,1600,32,FulcrumInner,924.912,decoder,MB/s
Binary,0.2,1,461.571,47,0,1600,64,FulcrumInner,461.571,encoder,MB/s
Binary,0.2,1,471.52,47,1,1600,64,FulcrumInner,471.52,encoder,MB/s
Binary,0.2,1,486.249,49,2,1600,64,FulcrumInner,486.249,encoder,MB/s
Binary,0.2,1,492.453,49,3,1600,64,FulcrumInner,492.453,encoder,MB/s
Binary,0.2,1,491.344,49,4,1600,64,FulcrumInner,491.344,encoder,MB/s
Binary,0.2,2,461.084,47,0,1600,64,FulcrumInner,461.084,encoder,MB/s
Binary,0.2,2,467.853,47,1,1600,64,FulcrumInner,467.853,encoder,MB/s
Binary,0.2,2,475.667,47,2,1600,64,FulcrumInner,475.667,encoder,MB/s
Binary,0.2,2,474.401,47,3,1600,64,FulcrumInner,474.401,encoder,MB/s
Binary,0.2,2,480.047,48,4,1600,64,FulcrumInner,480.047,encoder,MB/s
Binary,0.2,3,459.834,45,0,1600,64,FulcrumInner,459.834,encoder,MB/s
Binary,0.2,3,476.656,47,1,1600,64,FulcrumInner,476.656,encoder,MB/s
Binary,0.2,3,481.552,48,2,1600,64,FulcrumInner,481.552,encoder,MB/s
Binary,0.2,3,482.545,48,3,1600,64,FulcrumInner,482.545,encoder,MB/s
Binary,0.2,3,475.45,48,4,1600,64,FulcrumInner,475.45,encoder,MB/s
Binary,0.2,4,444.377,46,0,1600,64,FulcrumInner,444.377,encoder,MB/s
Binary,0.2,4,450.54,46,1,1600,64,FulcrumInner,450.54,encoder,MB/s
Binary,0.2,4,448.055,46,2,1600,64,FulcrumInner,448.055,encoder,MB/s
Binary,0.2,4,470.334,46,3,1600,64,FulcrumInner,470.334,encoder,MB/s
Binary,0.2,4,471.935,48,4,1600,64,FulcrumInner,471.935,encoder,MB/s
Binary,0.3,1,474.588,47,0,1600,64,FulcrumInner,474.588,encoder,MB/s
Binary,0.3,1,478.6,47,1,1600,64,FulcrumInner,478.6,encoder,MB/s
Binary,0.3,1,492.163,49,2,1600,64,FulcrumInner,492.163,encoder,MB/s
Binary,0.3,1,489.856,49,3,1600,64,FulcrumInner,489.856,encoder,MB/s
Binary,0.3,1,479.099,49,4,1600,64,FulcrumInner,479.099,encoder,MB/s
Binary,0.3,2,458.553,45,0,1600,64,FulcrumInner,458.553,encoder,MB/s
Binary,0.3,2,452.119,45,1,1600,64,FulcrumInner,452.119,encoder,MB/s
Binary,0.3,2,452.964,45,2,1600,64,FulcrumInner,452.964,encoder,MB/s
Binary,0.3,2,482.734,48,3,1600,64,FulcrumInner,482.734,encoder,MB/s
Binary,0.3,2,484.925,48,4,1600,64,FulcrumInner,484.925,encoder,MB/s
Binary,0.3,3,442.55,44,0,1600,64,FulcrumInner,442.55,encoder,MB/s
Binary,0.3,3,442.376,44,1,1600,64,FulcrumInner,442.376,encoder,MB/s
Binary,0.3,3,456.871,45,2,1600,64,FulcrumInner,456.871,encoder,MB/s
Binary,0.3,3,453.276,45,3,1600,64,FulcrumInner,453.276,encoder,MB/s
Binary,0.3,3,450.044,45,4,1600,64,FulcrumInner,450.044,encoder,MB/s
Binary,0.3,4,420.876,43,0,1600,64,FulcrumInner,420.876,encoder,MB/s
Binary,0.3,4,430.926,43,1,1600,64,FulcrumInner,430.926,encoder,MB/s
Binary,0.3,4,449.661,44,2,1600,64,FulcrumInner,449.661,encoder,MB/s
Binary,0.3,4,444.602,44,3,1600,64,FulcrumInner,444.602,encoder,MB/s
Binary,0.3,4,446.209,45,4,1600,64,FulcrumInner,446.209,encoder,MB/s
Binary,0.4,1,450.352,45,0,1600,64,FulcrumInner,450.352,encoder,MB/s
Binary,0.4,1,482.261,48,1,1600,64,FulcrumInner,482.261,encoder,MB/s
Binary,0.4,1,480.234,48,2,1600,64,FulcrumInner,480.234,encoder,MB/s
Binary,0.4,1,485.26,48,3,1600,64,FulcrumInner,485.26,encoder,MB/s
Binary,0.4,1,479.018,48,4,1600,64,FulcrumInner,479.018,encoder,MB/s
Binary,0.4,2,443.77,44,0,1600,64,FulcrumInner,443.77,encoder,MB/s
Binary,0.4,2,475.151,47,1,1600,64,FulcrumInner,475.151,encoder,MB/s
Binary,0.4,2,476.515,47,2,1600,64,FulcrumInner,476.515,encoder,MB/s
Binary,0.4,2,458.013,47,3,1600,64,FulcrumInner,458.013,encoder,MB/s
Binary,0.4,2,469.908,47,4,1600,64,FulcrumInner,469.908,encoder,MB/s
Binary,0.4,3,419.263,42,0,1600,64,FulcrumInner,419.263,encoder,MB/s
Binary,0.4,3,457.409,46,1,1600,64,FulcrumInner,457.409,encoder,MB/s
Binary,0.4,3,457.708,47,2,1600,64,FulcrumInner,457.708,encoder,MB/s
Binary,0.4,3,464.421,47,3,1600,64,FulcrumInner,464.421,encoder,MB/s
Binary,0.4,3,470.966,47,4,1600,64,FulcrumInner,470.966,encoder,MB/s
Binary,0.4,4,428.827,43,0,1600,64,FulcrumInner,428.827,encoder,MB/s
Binary,0.4,4,424.16,43,1,1600,64,FulcrumInner,424.16,encoder,MB/s
Binary,0.4,4,437.563,43,2,1600,64,FulcrumInner,437.563,encoder,MB/s
Binary,0.4,4,447.917,44,3,1600,64,FulcrumInner,447.917,encoder,MB/s
Binary,0.4,4,454.979,46,4,1600,64,FulcrumInner,454.979,encoder,MB/s
Binary,0.5,1,457.454,46,0,1600,64,FulcrumInner,457.454,encoder,MB/s
Binary,0.5,1,455.111,46,1,1600,64,FulcrumInner,455.111,encoder,MB/s
Binary,0.5,1,475.949,47,2,1600,64,FulcrumInner,475.949,encoder,MB/s
Binary,0.5,1,475.151,47,3,1600,64,FulcrumInner,475.151,encoder,MB/s
Binary,0.5,1,479.124,47,4,1600,64,FulcrumInner,479.124,encoder,MB/s
Binary,0.5,2,444.91,44,0,1600,64,FulcrumInner,444.91,encoder,MB/s
Binary,0.5,2,440.861,44,1,1600,64,FulcrumInner,440.861,encoder,MB/s
Binary,0.5,2,466.7,46,2,1600,64,FulcrumInner,466.7,encoder,MB/s
Binary,0.5,2,467.719,46,3,1600,64,FulcrumInner,467.719,encoder,MB/s
Binary,0.5,2,468.417,46,4,1600,64,FulcrumInner,468.417,encoder,MB/s
Binary,0.5,3,423.425,43,0,1600,64,FulcrumInner,423.425,encoder,MB/s
Binary,0.5,3,439.617,43,1,1600,64,FulcrumInner,439.617,encoder,MB/s
Binary,0.5,3,456.69,45,2,1600,64,FulcrumInner,456.69,encoder,MB/s
Binary,0.5,3,433.938,46,3,1600,64,FulcrumInner,433.938,encoder,MB/s
Binary,0.5,3,453.534,46,4,1600,64,FulcrumInner,453.534,encoder,MB/s
Binary,0.5,4,426.921,42,0,1600,64,FulcrumInner,426.921,encoder,MB/s
Binary,0.5,4,447.739,44,1,1600,64,FulcrumInner,447.739,encoder,MB/s
Binary,0.5,4,450.704,45,2,1600,64,FulcrumInner,450.704,encoder,MB/s
Binary,0.5,4,445.734,45,3,1600,64,FulcrumInner,445.734,encoder,MB/s
Binary,0.5,4,447.552,45,4,1600,64,FulcrumInner,447.552,encoder,MB/s
Binary,0.2,1,484.344,50,0,1600,64,FulcrumInner,514.615,decoder,MB/s
Binary,0.2,1,491.08,50,1,1600,64,FulcrumInner,498.753,decoder,MB/s
Binary,0.2,1,491.221,50,2,1600,64,FulcrumInner,521.923,decoder,MB/s
Binary,0.2,1,511.744,50,3,1600,64,FulcrumInner,519.74,decoder,MB/s
Binary,0.2,1,501.518,50,4,1600,64,FulcrumInner,517.191,decoder,MB/s
Binary,0.2,2,445.259,46,0,1600,64,FulcrumInner,487.003,decoder,MB/s
Binary,0.2,2,448.058,48,1,1600,64,FulcrumInner,518.067,decoder,MB/s
Binary,0.2,2,486.943,48,2,1600,64,FulcrumInner,509.768,decoder,MB/s
Binary,0.2,2,482.166,48,3,1600,64,FulcrumInner,512.301,decoder,MB/s
Binary,0.2,2,491.225,48,4,1600,64,FulcrumInner,514.251,decoder,MB/s
Binary,0.2,3,426.963,42,0,1600,64,FulcrumInner,473.662,decoder,MB/s
Binary,0.2,3,471.289,47,1,1600,64,FulcrumInner,493.38,decoder,MB/s
Binary,0.2,3,438.724,47,2,1600,64,FulcrumInner,507.274,decoder,MB/s
Binary,0.2,3,473.561,47,3,1600,64,FulcrumInner,503.159,decoder,MB/s
Binary,0.2,3,462.014,47,4,1600,64,FulcrumInner,490.89,decoder,MB/s
Binary,0.2,4,436.229,46,0,1600,64,FulcrumInner,497.574,decoder,MB/s
Binary,0.2,4,464.582,46,1,1600,64,FulcrumInner,493.619,decoder,MB/s
Binary,0.2,4,442.748,46,2,1600,64,FulcrumInner,491.174,decoder,MB/s
Binary,0.2,4,461.713,46,3,1600,64,FulcrumInner,490.57,decoder,MB/s
Binary,0.2,4,463.713,46,4,1600,64,FulcrumInner,492.695,decoder,MB/s
Binary,0.3,1,461.511,50,0,1600,64,FulcrumInner,490.355,decoder,MB/s
Binary,0.3,1,508.34,50,1,1600,64,FulcrumInner,524.226,decoder,MB/s
Binary,0.3,1,494.782,50,2,1600,64,FulcrumInner,502.513,decoder,MB/s
Binary,0.3,1,485.815,50,3,1600,64,FulcrumInner,508.587,decoder,MB/s
Binary,0.3,1,494.782,50,4,1600,64,FulcrumInner,502.513,decoder,MB/s
Binary,0.3,2,493.615,49,0,1600,64,FulcrumInner,509.041,decoder,MB/s
Binary,0.3,2,475.692,49,1,1600,64,FulcrumInner,520.288,decoder,MB/s
Binary,0.3,2,490.287,49,2,1600,64,FulcrumInner,513.269,decoder,MB/s
Binary,0.3,2,499.164,49,3,1600,64,FulcrumInner,522.563,decoder,MB/s
Binary,0.3,2,478.642,49,4,1600,64,FulcrumInner,508.557,decoder,MB/s
Binary,0.3,3,444.616,45,0,1600,64,FulcrumInner,465.457,decoder,MB/s
Binary,0.3,3,451.322,45,1,1600,64,FulcrumInner,486.582,decoder,MB/s
Binary,0.3,3,456.78,45,2,1600,64,FulcrumInner,499.603,decoder,MB/s
Binary,0.3,3,463.942,46,3,1600,64,FulcrumInner,492.938,decoder,MB/s
Binary,0.3,3,472.752,48,4,1600,64,FulcrumInner,502.299,decoder,MB/s
Binary,0.3,4,417.212,41,0,1600,64,FulcrumInner,462.844,decoder,MB/s
Binary,0.3,4,457.915,45,1,1600,64,FulcrumInner,493.69,decoder,MB/s
Binary,0.3,4,450.792,45,2,1600,64,FulcrumInner,493.054,decoder,MB/s
Binary,0.3,4,451.898,45,3,1600,64,FulcrumInner,487.202,decoder,MB/s
Binary,0.3,4,452.786,45,4,1600,64,FulcrumInner,488.16,decoder,MB/s
Binary,0.4,1,484.161,50,0,1600,64,FulcrumInner,514.421,decoder,MB/s
Binary,0.4,1,493.256,50,1,1600,64,FulcrumInner,516.378,decoder,MB/s
Binary,0.4,1,503.541,50,2,1600,64,FulcrumInner,519.276,decoder,MB/s
Binary,0.4,1,494.973,50,3,1600,64,FulcrumInner,510.441,decoder,MB/s
Binary,0.4,1,509.199,50,4,1600,64,FulcrumInner,517.156,decoder,MB/s
Binary,0.4,2,417.505,45,0,1600,64,FulcrumInner,482.74,decoder,MB/s
Binary,0.4,2,467.136,48,1,1600,64,FulcrumInner,503.63,decoder,MB/s
Binary,0.4,2,468.248,48,2,1600,64,FulcrumInner,504.83,decoder,MB/s
Binary,0.4,2,482.261,48,3,1600,64,FulcrumInner,497.331,decoder,MB/s
Binary,0.4,2,464.487,48,4,1600,64,FulcrumInner,493.517,decoder,MB/s
Binary,0.4,3,438.707,46,0,1600,64,FulcrumInner,472.981,decoder,MB/s
Binary,0.4,3,468.883,46,1,1600,64,FulcrumInner,490.862,decoder,MB/s
Binary,0.4,3,462.564,48,2,1600,64,FulcrumInner,491.474,decoder,MB/s
Binary,0.4,3,473.025,48,3,1600,64,FulcrumInner,495.198,decoder,MB/s
Binary,0.4,3,472.343,48,4,1600,64,FulcrumInner,501.864,decoder,MB/s
Binary,0.4,4,465.593,46,0,1600,64,FulcrumInner,494.692,decoder,MB/s
Binary,0.4,4,434.98,46,1,1600,64,FulcrumInner,482.556,decoder,MB/s
Binary,0.4,4,447.714,46,2,1600,64,FulcrumInner,489.687,decoder,MB/s
Binary,0.4,4,454.321,46,3,1600,64,FulcrumInner,489.815,decoder,MB/s
Binary,0.4,4,423.483,46,4,1600,64,FulcrumInner,489.652,decoder,MB/s
Binary,0.5,1,470.522,46,0,1600,64,FulcrumInner,492.578,decoder,MB/s
Binary,0.5,1,482.554,49,1,1600,64,FulcrumInner,512.714,decoder,MB/s
Binary,0.5,1,473.671,49,2,1600,64,FulcrumInner,518.078,decoder,MB/s
Binary,0.5,1,497.284,49,3,1600,64,FulcrumInner,520.595,decoder,MB/s
Binary,0.5,1,498.867,49,4,1600,64,FulcrumInner,506.661,decoder,MB/s
Binary,0.5,2,458.711,47,0,1600,64,FulcrumInner,501.716,decoder,MB/s
Binary,0.5,2,474.776,47,1,1600,64,FulcrumInner,489.612,decoder,MB/s
Binary,0.5,2,488.297,48,2,1600,64,FulcrumInner,518.816,decoder,MB/s
Binary,0.5,2,477.946,48,3,1600,64,FulcrumInner,507.818,decoder,MB/s
Binary,0.5,2,483.446,48,4,1600,64,FulcrumInner,498.554,decoder,MB/s
Binary,0.5,3,425.288,45,0,1600,64,FulcrumInner,478.449,decoder,MB/s
Binary,0.5,3,477.946,48,1,1600,64,FulcrumInner,507.818,decoder,MB/s
Binary,0.5,3,464.267,48,2,1600,64,FulcrumInner,486.03,decoder,MB/s
Binary,0.5,3,470.309,48,3,1600,64,FulcrumInner,499.703,decoder,MB/s
Binary,0.5,3,468.561,48,4,1600,64,FulcrumInner,512.488,decoder,MB/s
Binary,0.5,4,455.375,46,0,1600,64,FulcrumInner,498.067,decoder,MB/s
Binary,0.5,4,458.79,46,1,1600,64,FulcrumInner,501.802,decoder,MB/s
Binary,0.5,4,466.099,46,2,1600,64,FulcrumInner,495.231,decoder,MB/s
Binary,0.5,4,446.78,46,3,1600,64,FulcrumInner,481.685,decoder,MB/s
Binary,0.5,4,448.695,46,4,1600,64,FulcrumInner,476.738,decoder,MB/s
Binary,0.2,1,256.37,13,0,1600,128,FulcrumInner,256.37,encoder,MB/s
Binary,0.2,1,279.563,14,1,1600,128,FulcrumInner,279.563,encoder,MB/s
Binary,0.2,1,283.881,14,2,1600,128,FulcrumInner,283.881,encoder,MB/s
Binary,0.2,1,278.748,14,3,1600,128,FulcrumInner,278.748,encoder,MB/s
Binary,0.2,1,267.587,14,4,1600,128,FulcrumInner,267.587,encoder,MB/s
Binary,0.2,2,258.511,13,0,1600,128,FulcrumInner,258.511,encoder,MB/s
Binary,0.2,2,262.973,14,1,1600,128,FulcrumInner,262.973,encoder,MB/s
Binary,0.2,2,271.644,14,2,1600,128,FulcrumInner,271.644,encoder,MB/s
Binary,0.2,2,253.869,14,3,1600,128,FulcrumInner,253.869,encoder,MB/s
Binary,0.2,2,271.13,14,4,1600,128,FulcrumInner,271.13,encoder,MB/s
Binary,0.2,3,251.573,13,0,1600,128,FulcrumInner,251.573,encoder,MB/s
Binary,0.2,3,273.041,14,1,1600,128,FulcrumInner,273.041,encoder,MB/s
Binary,0.2,3,268.238,14,2,1600,128,FulcrumInner,268.238,encoder,MB/s
Binary,0.2,3,266.172,14,3,1600,128,FulcrumInner,266.172,encoder,MB/s
Binary,0.2,3,272.005,14,4,1600,128,FulcrumInner,272.005,encoder,MB/s
Binary,0.2,4,270.134,14,0,1600,128,FulcrumInner,270.134,encoder,MB/s
Binary,0.2,4,267.963,14,1,1600,128,FulcrumInner,267.963,encoder,MB/s
Binary,0.2,4,265.064,14,2,1600,128,FulcrumInner,265.064,encoder,MB/s
Binary,0.2,4,257.68,14,3,1600,128,FulcrumInner,257.68,encoder,MB/s
Binary,0.2,4,263.142,14,4,1600,128,FulcrumInner,263.142,encoder,MB/s
Binary,0.3,1,285.502,15,0,1600,128,FulcrumInner,285.502,encoder,MB/s
Binary,0.3,1,273.067,15,1,1600,128,FulcrumInner,273.067,encoder,MB/s
Binary,0.3,1,284.972,15,2,1600,128,FulcrumInner,284.972,encoder,MB/s
Binary,0.3,1,250.408,15,3,1600,128,FulcrumInner,250.408,encoder,MB/s
Binary,0.3,1,267.479,15,4,1600,128,FulcrumInner,267.479,encoder,MB/s
Binary,0.3,2,261.584,13,0,1600,128,FulcrumInner,261.584,encoder,MB/s
Binary,0.3,2,276.57,14,1,1600,128,FulcrumInner,276.57,encoder,MB/s
Binary,0.3,2,280.933,14,2,1600,128,FulcrumInner,280.933,encoder,MB/s
Binary,0.3,2,279.454,14,3,1600,128,FulcrumInner,279.454,encoder,MB/s
Binary,0.3,2,263.505,14,4,1600,128,FulcrumInner,263.505,encoder,MB/s
Binary,0.3,3,243.253,13,0,1600,128,FulcrumInner,243.253,encoder,MB/s
Binary,0.3,3,255.975,13,1,1600,128,FulcrumInner,255.975,encoder,MB/s
Binary,0.3,3,248.544,13,2,1600,128,FulcrumInner,248.544,encoder,MB/s
Binary,0.3,3,257.785,13,3,1600,128,FulcrumInner,257.785,encoder,MB/s
Binary,0.3,3,261.687,13,4,1600,128,FulcrumInner,261.687,encoder,MB/s
Binary,0.3,4,242.942,13,0,1600,128,FulcrumInner,242.942,encoder,MB/s
Binary,0.3,4,258.862,13,1,1600,128,FulcrumInner,258.862,encoder,MB/s
Binary,0.3,4,262.979,13,2,1600,128,FulcrumInner,262.979,encoder,MB/s
Binary,0.3,4,254.046,13,3,1600,128,FulcrumInner,254.046,encoder,MB/s
Binary,0.3,4,254.702,13,4,1600,128,FulcrumInner,254.702,encoder,MB/s
Binary,0.4,1,250.555,13,0,1600,128,FulcrumInner,250.555,encoder,MB/s
Binary,0.4,1,254.455,14,1,1600,128,FulcrumInner,254.455,encoder,MB/s
Binary,0.4,1,262.684,14,2,1600,128,FulcrumInner,262.684,encoder,MB/s
Binary,0.4,1,268.968,14,3,1600,128,FulcrumInner,268.968,encoder,MB/s
Binary,0.4,1,261.63,14,4,1600,128,FulcrumInner,261.63,encoder,MB/s
Binary,0.4,2,251.764,13,0,1600,128,FulcrumInner,251.764,encoder,MB/s
Binary,0.4,2,267.089,14,1,1600,128,FulcrumInner,267.089,encoder,MB/s
Binary,0.4,2,274.137,14,2,1600,128,FulcrumInner,274.137,encoder,MB/s
Binary,0.4,2,266.915,14,3,1600,128,FulcrumInner,266.915,encoder,MB/s
Binary,0.4,2,271.927,14,4,1600,128,FulcrumInner,271.927,encoder,MB/s
Binary,0.4,3,246.199,13,0,1600,128,FulcrumInner,246.199,encoder,MB/s
Binary,0.4,3,264.968,13,1,1600,128,FulcrumInner,264.968,encoder,MB/s
Binary,0.4,3,264.063,14,2,1600,128,FulcrumInner,264.063,encoder,MB/s
Binary,0.4,3,254.953,14,3,1600,128,FulcrumInner,254.953,encoder,MB/s
Binary,0.4,3,265.408,14,4,1600,128,FulcrumInner,265.408,encoder,MB/s
Binary,0.4,4,242.463,12,0,1600,128,FulcrumInner,242.463,encoder,MB/s
Binary,0.4,4,241.072,13,1,1600,128,FulcrumInner,241.072,encoder,MB/s
Binary,0.4,4,252.951,14,2,1600,128,FulcrumInner,252.951,encoder,MB/s
Binary,0.4,4,262.708,14,3,1600,128,FulcrumInner,262.708,encoder,MB/s
Binary,0.4,4,268.867,14,4,1600,128,FulcrumInner,268.867,encoder,MB/s
Binary,0.5,1,255.46,13,0,1600,128,FulcrumInner,255.46,encoder,MB/s
Binary,0.5,1,276.73,14,1,1600,128,FulcrumInner,276.73,encoder,MB/s
Binary,0.5,1,270.363,14,2,1600,128,FulcrumInner,270.363,encoder,MB/s
Binary,0.5,1,277.212,14,3,1600,128,FulcrumInner,277.212,encoder,MB/s
Binary,0.5,1,274.847,14,4,1600,128,FulcrumInner,274.847,encoder,MB/s
Binary,0.5,2,248.081,13,0,1600,128,FulcrumInner,248.081,encoder,MB/s
Binary,0.5,2,271.053,14,1,1600,128,FulcrumInner,271.053,encoder,MB/s
Binary,0.5,2,277.883,14,2,1600,128,FulcrumInner,277.883,encoder,MB/s
Binary,0.5,2,265.015,14,3,1600,128,FulcrumInner,265.015,encoder,MB/s
Binary,0.5,2,273.692,14,4,1600,128,FulcrumInner,273.692,encoder,MB/s
Binary,0.5,3,262.047,13,0,1600,128,FulcrumInner,262.047,encoder,MB/s
Binary,0.5,3,262.72,13,1,1600,128,FulcrumInner,262.72,encoder,MB/s
Binary,0.5,3,257.038,13,2,1600,128,FulcrumInner,257.038,encoder,MB/s
Binary,0.5,3,249.172,13,3,1600,128,FulcrumInner,249.172,encoder,MB/s
Binary,0.5,3,261.455,13,4,1600,128,FulcrumInner,261.455,encoder,MB/s
Binary,0.5,4,263.474,13,0,1600,128,FulcrumInner,263.474,encoder,MB/s
Binary,0.5,4,264.258,13,1,1600,128,FulcrumInner,264.258,encoder,MB/s
Binary,0.5,4,261.463,14,2,1600,128,FulcrumInner,261.463,encoder,MB/s
Binary,0.5,4,257.448,14,3,1600,128,FulcrumInner,257.448,encoder,MB/s
Binary,0.5,4,266.295,14,4,1600,128,FulcrumInner,266.295,encoder,MB/s
Binary,0.2,1,263.395,13,0,1600,128,FulcrumInner,265.453,decoder,MB/s
Binary,0.2,1,269.423,14,1,1600,128,FulcrumInner,271.528,decoder,MB/s
Binary,0.2,1,270.134,14,2,1600,128,FulcrumInner,274.355,decoder,MB/s
Binary,0.2,1,263.626,14,3,1600,128,FulcrumInner,269.805,decoder,MB/s
Binary,0.2,1,269.347,14,4,1600,128,FulcrumInner,273.556,decoder,MB/s
Binary,0.2,2,259.014,13,0,1600,128,FulcrumInner,271.155,decoder,MB/s
Binary,0.2,2,263.708,13,1,1600,128,FulcrumInner,269.889,decoder,MB/s
Binary,0.2,2,262.383,13,2,1600,128,FulcrumInner,268.533,decoder,MB/s
Binary,0.2,2,261.082,14,3,1600,128,FulcrumInner,271.28,decoder,MB/s
Binary,0.2,2,263.07,14,4,1600,128,FulcrumInner,271.291,decoder,MB/s
Binary,0.2,3,260.585,13,0,1600,128,FulcrumInner,268.729,decoder,MB/s
Binary,0.2,3,259.291,13,1,1600,128,FulcrumInner,269.42,decoder,MB/s
Binary,0.2,3,259.291,13,2,1600,128,FulcrumInner,269.42,decoder,MB/s
Binary,0.2,3,250.532,13,3,1600,128,FulcrumInner,260.318,decoder,MB/s
Binary,0.2,3,254.216,13,4,1600,128,FulcrumInner,262.16,decoder,MB/s
Binary,0.2,4,250.555,13,0,1600,128,FulcrumInner,264.257,decoder,MB/s
Binary,0.2,4,250.98,13,1,1600,128,FulcrumInner,262.745,decoder,MB/s
Binary,0.2,4,249.102,13,2,1600,128,FulcrumInner,264.671,decoder,MB/s
Binary,0.2,4,251.288,13,3,1600,128,FulcrumInner,263.067,decoder,MB/s
Binary,0.2,4,246.404,13,4,1600,128,FulcrumInner,257.955,decoder,MB/s
Binary,0.3,1,256.271,13,0,1600,128,FulcrumInner,268.284,decoder,MB/s
Binary,0.3,1,265.311,13,1,1600,128,FulcrumInner,269.457,decoder,MB/s
Binary,0.3,1,263.656,13,2,1600,128,FulcrumInner,267.776,decoder,MB/s
Binary,0.3,1,265.947,13,3,1600,128,FulcrumInner,268.025,decoder,MB/s
Binary,0.3,1,260.662,13,4,1600,128,FulcrumInner,268.808,decoder,MB/s
Binary,0.3,2,260.636,13,0,1600,128,FulcrumInner,266.745,decoder,MB/s
Binary,0.3,2,265.788,13,1,1600,128,FulcrumInner,269.941,decoder,MB/s
Binary,0.3,2,257.237,13,2,1600,128,FulcrumInner,269.295,decoder,MB/s
Binary,0.3,2,268.213,14,3,1600,128,FulcrumInner,272.404,decoder,MB/s
Binary,0.3,2,269.829,14,4,1600,128,FulcrumInner,276.153,decoder,MB/s
Binary,0.3,3,253.441,13,0,1600,128,FulcrumInner,261.361,decoder,MB/s
Binary,0.3,3,246.93,13,1,1600,128,FulcrumInner,262.363,decoder,MB/s
Binary,0.3,3,265.179,13,2,1600,128,FulcrumInner,273.466,decoder,MB/s
Binary,0.3,3,256.518,13,3,1600,128,FulcrumInner,268.542,decoder,MB/s
Binary,0.3,3,260.432,13,4,1600,128,FulcrumInner,266.536,decoder,MB/s
Binary,0.3,4,257.212,13,0,1600,128,FulcrumInner,267.259,decoder,MB/s
Binary,0.3,4,256.642,13,1,1600,128,FulcrumInner,264.662,decoder,MB/s
Binary,0.3,4,263.369,13,2,1600,128,FulcrumInner,271.6,decoder,MB/s
Binary,0.3,4,252.84,13,3,1600,128,FulcrumInner,262.716,decoder,MB/s
Binary,0.3,4,254.167,13,4,1600,128,FulcrumInner,266.081,decoder,MB/s
Binary,0.4,1,265.868,13,0,1600,128,FulcrumInner,270.022,decoder,MB/s
Binary,0.4,1,251.621,13,1,1600,128,FulcrumInner,255.552,decoder,MB/s
Binary,0.4,1,255.46,13,2,1600,128,FulcrumInner,267.434,decoder,MB/s
Binary,0.4,1,262.684,14,3,1600,128,FulcrumInner,266.789,decoder,MB/s
Binary,0.4,1,266.369,14,4,1600,128,FulcrumInner,272.612,decoder,MB/s
Binary,0.4,2,250.038,13,0,1600,128,FulcrumInner,259.805,decoder,MB/s
Binary,0.4,2,258.26,13,1,1600,128,FulcrumInner,266.33,decoder,MB/s
Binary,0.4,2,261.096,13,2,1600,128,FulcrumInner,269.256,decoder,MB/s
Binary,0.4,2,265.735,13,3,1600,128,FulcrumInner,271.963,decoder,MB/s
Binary,0.4,2,258.335,13,4,1600,128,FulcrumInner,266.408,decoder,MB/s
Binary,0.4,3,262.59,13,0,1600,128,FulcrumInner,268.744,decoder,MB/s
Binary,0.4,3,252.432,13,1,1600,128,FulcrumInner,262.293,decoder,MB/s
Binary,0.4,3,254.532,13,2,1600,128,FulcrumInner,262.486,decoder,MB/s
Binary,0.4,3,261.02,13,3,1600,128,FulcrumInner,267.137,decoder,MB/s
Binary,0.4,3,258.135,13,4,1600,128,FulcrumInner,264.185,decoder,MB/s
Binary,0.4,4,258.435,13,0,1600,128,FulcrumInner,266.511,decoder,MB/s
Binary,0.4,4,249.125,13,1,1600,128,FulcrumInner,256.91,decoder,MB/s
Binary,0.4,4,254.459,13,2,1600,128,FulcrumInner,264.398,decoder,MB/s
Binary,0.4,4,247.504,13,3,1600,128,FulcrumInner,259.106,decoder,MB/s
Binary,0.4,4,238.118,13,4,1600,128,FulcrumInner,253.001,decoder,MB/s
Binary,0.5,1,260.892,13,0,1600,128,FulcrumInner,264.968,decoder,MB/s
Binary,0.5,1,257.633,14,1,1600,128,FulcrumInner,259.646,decoder,MB/s
Binary,0.5,1,250.849,14,2,1600,128,FulcrumInner,256.728,decoder,MB/s
Binary,0.5,1,251.907,14,3,1600,128,FulcrumInner,255.843,decoder,MB/s
Binary,0.5,1,257.587,14,4,1600,128,FulcrumInner,259.599,decoder,MB/s
Binary,0.5,2,241.201,12,0,1600,128,FulcrumInner,246.854,decoder,MB/s
Binary,0.5,2,252.576,13,1,1600,128,FulcrumInner,262.442,decoder,MB/s
Binary,0.5,2,261.25,13,2,1600,128,FulcrumInner,269.414,decoder,MB/s
Binary,0.5,2,259.089,13,3,1600,128,FulcrumInner,271.234,decoder,MB/s
Binary,0.5,2,264.284,13,4,1600,128,FulcrumInner,268.414,decoder,MB/s
Binary,0.5,3,251.835,13,0,1600,128,FulcrumInner,265.607,decoder,MB/s
Binary,0.5,3,261.43,13,1,1600,128,FulcrumInner,267.557,decoder,MB/s
Binary,0.5,3,251.431,13,2,1600,128,FulcrumInner,267.145,decoder,MB/s
Binary,0.5,3,252.576,13,3,1600,128,FulcrumInner,264.415,decoder,MB/s
Binary,0.5,3,257.187,13,4,1600,128,FulcrumInner,265.224,decoder,MB/s
Binary,0.5,4,240.072,13,0,1600,128,FulcrumInner,251.326,decoder,MB/s
Binary,0.5,4,243.342,13,1,1600,128,FulcrumInner,252.847,decoder,MB/s
Binary,0.5,4,251.668,13,2,1600,128,FulcrumInner,259.533,decoder,MB/s
Binary,0.5,4,243.586,13,3,1600,128,FulcrumInner,255.005,decoder,MB/s
Binary,0.5,4,253.489,13,4,1600,128,FulcrumInner,261.411,decoder,MB/s
Binary,0.2,1,133.736,4,0,1600,256,FulcrumInner,133.736,encoder,MB/s
Binary,0.2,1,139.998,4,1,1600,256,FulcrumInner,139.998,encoder,MB/s
Binary,0.2,1,148.662,4,2,1600,256,FulcrumInner,148.662,encoder,MB/s
Binary,0.2,1,137.139,4,3,1600,256,FulcrumInner,137.139,encoder,MB/s
Binary,0.2,1,142.68,4,4,1600,256,FulcrumInner,142.68,encoder,MB/s
Binary,0.2,2,132.257,4,0,1600,256,FulcrumInner,132.257,encoder,MB/s
Binary,0.2,2,140.696,4,1,1600,256,FulcrumInner,140.696,encoder,MB/s
Binary,0.2,2,132.944,4,2,1600,256,FulcrumInner,132.944,encoder,MB/s
Binary,0.2,2,143.104,4,3,1600,256,FulcrumInner,143.104,encoder,MB/s
Binary,0.2,2,141.841,4,4,1600,256,FulcrumInner,141.841,encoder,MB/s
Binary,0.2,3,131.694,4,0,1600,256,FulcrumInner,131.694,encoder,MB/s
Binary,0.2,3,139.771,4,1,1600,256,FulcrumInner,139.771,encoder,MB/s
Binary,0.2,3,141.035,4,2,1600,256,FulcrumInner,141.035,encoder,MB/s
Binary,0.2,3,140.986,4,3,1600,256,FulcrumInner,140.986,encoder,MB/s
Binary,0.2,3,142.594,4,4,1600,256,FulcrumInner,142.594,encoder,MB/s
Binary,0.2,4,127.333,4,0,1600,256,FulcrumInner,127.333,encoder,MB/s
Binary,0.2,4,140.19,4,1,1600,256,FulcrumInner,140.19,encoder,MB/s
Binary,0.2,4,140.998,4,2,1600,256,FulcrumInner,140.998,encoder,MB/s
Binary,0.2,4,144.416,4,3,1600,256,FulcrumInner,144.416,encoder,MB/s
Binary,0.2,4,132.782,4,4,1600,256,FulcrumInner,132.782,encoder,MB/s
Binary,0.3,1,125.346,4,0,1600,256,FulcrumInner,125.346,encoder,MB/s
Binary,0.3,1,134.185,4,1,1600,256,FulcrumInner,134.185,encoder,MB/s
Binary,0.3,1,135.17,4,2,1600,256,FulcrumInner,135.17,encoder,MB/s
Binary,0.3,1,130.125,4,3,1600,256,FulcrumInner,130.125,encoder,MB/s
Binary,0.3,1,132.353,4,4,1600,256,FulcrumInner,132.353,encoder,MB/s
Binary,0.3,2,126.841,4,0,1600,256,FulcrumInner,126.841,encoder,MB/s
Binary,0.3,2,126.811,4,1,1600,256,FulcrumInner,126.811,encoder,MB/s
Binary,0.3,2,131.906,4,2,1600,256,FulcrumInner,131.906,encoder,MB/s
Binary,0.3,2,135.371,4,3,1600,256,FulcrumInner,135.371,encoder,MB/s
Binary,0.3,2,130.042,4,4,1600,256,FulcrumInner,130.042,encoder,MB/s
Binary,0.3,3,128.331,4,0,1600,256,FulcrumInner,128.331,encoder,MB/s
Binary,0.3,3,132.567,4,1,1600,256,FulcrumInner,132.567,encoder,MB/s
Binary,0.3,3,139.048,4,2,1600,256,FulcrumInner,139.048,encoder,MB/s
Binary,0.3,3,139.379,4,3,1600,256,FulcrumInner,139.379,encoder,MB/s
Binary,0.3,3,131.082,4,4,1600,256,FulcrumInner,131.082,encoder,MB/s
Binary,0.3,4,130.539,4,0,1600,256,FulcrumInner,130.539,encoder,MB/s
Binary,0.3,4,144.991,4,1,1600,256,FulcrumInner,144.991,encoder,MB/s
Binary,0.3,4,132.804,4,2,1600,256,FulcrumInner,132.804,encoder,MB/s
Binary,0.3,4,136.215,4,3,1600,256,FulcrumInner,136.215,encoder,MB/s
Binary,0.3,4,131.672,4,4,1600,256,FulcrumInner,131.672,encoder,MB/s
Binary,0.4,1,129.293,4,0,1600,256,FulcrumInner,129.293,encoder,MB/s
Binary,0.4,1,140.926,4,1,1600,256,FulcrumInner,140.926,encoder,MB/s
Binary,0.4,1,138.883,4,2,1600,256,FulcrumInner,138.883,encoder,MB/s
Binary,0.4,1,144.416,4,3,1600,256,FulcrumInner,144.416,encoder,MB/s
Binary,0.4,1,143.468,4,4,1600,256,FulcrumInner,143.468,encoder,MB/s
Binary,0.4,2,130.467,4,0,1600,256,FulcrumInner,130.467,encoder,MB/s
Binary,0.4,2,140.454,4,1,1600,256,FulcrumInner,140.454,encoder,MB/s
Binary,0.4,2,134.527,4,2,1600,256,FulcrumInner,134.527,encoder,MB/s
Binary,0.4,2,143.896,4,3,1600,256,FulcrumInner,143.896,encoder,MB/s
Binary,0.4,2,146.561,4,4,1600,256,FulcrumInner,146.561,encoder,MB/s
Binary,0.4,3,131.451,4,0,1600,256,FulcrumInner,131.451,encoder,MB/s
Binary,0.4,3,135.539,4,1,1600,256,FulcrumInner,135.539,encoder,MB/s
Binary,0.4,3,140.49,4,2,1600,256,FulcrumInner,140.49,encoder,MB/s
Binary,0.4,3,136.283,4,3,1600,256,FulcrumInner,136.283,encoder,MB/s
Binary,0.4,3,133.29,4,4,1600,256,FulcrumInner,133.29,encoder,MB/s
Binary,0.4,4,124.916,4,0,1600,256,FulcrumInner,124.916,encoder,MB/s
Binary,0.4,4,138.507,4,1,1600,256,FulcrumInner,138.507,encoder,MB/s
Binary,0.4,4,137.288,4,2,1600,256,FulcrumInner,137.288,encoder,MB/s
Binary,0.4,4,141.156,4,3,1600,256,FulcrumInner,141.156,encoder,MB/s
Binary,0.4,4,137.473,4,4,1600,256,FulcrumInner,137.473,encoder,MB/s
Binary,0.5,1,131.482,4,0,1600,256,FulcrumInner,131.482,encoder,MB/s
Binary,0.5,1,138.378,4,1,1600,256,FulcrumInner,138.378,encoder,MB/s
Binary,0.5,1,138.671,4,2,1600,256,FulcrumInner,138.671,encoder,MB/s
Binary,0.5,1,142.272,4,3,1600,256,FulcrumInner,142.272,encoder,MB/s
Binary,0.5,1,139.272,4,4,1600,256,FulcrumInner,139.272,encoder,MB/s
Binary,0.5,2,127.94,4,0,1600,256,FulcrumInner,127.94,encoder,MB/s
Binary,0.5,2,129.252,4,1,1600,256,FulcrumInner,129.252,encoder,MB/s
Binary,0.5,2,137.831,4,2,1600,256,FulcrumInner,137.831,encoder,MB/s
Binary,0.5,2,136.693,4,3,1600,256,FulcrumInner,136.693,encoder,MB/s
Binary,0.5,2,138.542,4,4,1600,256,FulcrumInner,138.542,encoder,MB/s
Binary,0.5,3,126.089,4,0,1600,256,FulcrumInner,126.089,encoder,MB/s
Binary,0.5,3,137.036,4,1,1600,256,FulcrumInner,137.036,encoder,MB/s
Binary,0.5,3,137.611,4,2,1600,256,FulcrumInner,137.611,encoder,MB/s
Binary,0.5,3,133.333,4,3,1600,256,FulcrumInner,133.333,encoder,MB/s
Binary,0.5,3,121.157,4,4,1600,256,FulcrumInner,121.157,encoder,MB/s
Binary,0.5,4,118.052,3,0,1600,256,FulcrumInner,118.052,encoder,MB/s
Binary,0.5,4,119.185,3,1,1600,256,FulcrumInner,119.185,encoder,MB/s
Binary,0.5,4,132.503,4,2,1600,256,FulcrumInner,132.503,encoder,MB/s
Binary,0.5,4,124.112,4,3,1600,256,FulcrumInner,124.112,encoder,MB/s
Binary,0.5,4,131.03,4,4,1600,256,FulcrumInner,131.03,encoder,MB/s
Binary,0.2,1,126.293,4,0,1600,256,FulcrumInner,127.773,decoder,MB/s
Binary,0.2,1,131.938,4,1,1600,256,FulcrumInner,132.453,decoder,MB/s
Binary,0.2,1,129.743,4,2,1600,256,FulcrumInner,132.277,decoder,MB/s
Binary,0.2,1,129.283,4,3,1600,256,FulcrumInner,130.293,decoder,MB/s
Binary,0.2,1,131.177,4,4,1600,256,FulcrumInner,132.202,decoder,MB/s
Binary,0.2,2,126.998,4,0,1600,256,FulcrumInner,130.471,decoder,MB/s
Binary,0.2,2,129.171,4,1,1600,256,FulcrumInner,130.18,decoder,MB/s
Binary,0.2,2,131.072,4,2,1600,256,FulcrumInner,132.096,decoder,MB/s
Binary,0.2,2,127.691,4,3,1600,256,FulcrumInner,131.182,decoder,MB/s
Binary,0.2,2,126.762,4,4,1600,256,FulcrumInner,128.248,decoder,MB/s
Binary,0.2,3,127.314,4,0,1600,256,FulcrumInner,129.8,decoder,MB/s
Binary,0.2,3,128.765,4,1,1600,256,FulcrumInner,130.776,decoder,MB/s
Binary,0.2,3,129.069,4,2,1600,256,FulcrumInner,130.581,decoder,MB/s
Binary,0.2,3,128.381,4,3,1600,256,FulcrumInner,130.387,decoder,MB/s
Binary,0.2,3,124.65,4,4,1600,256,FulcrumInner,126.598,decoder,MB/s
Binary,0.2,4,126.225,4,0,1600,256,FulcrumInner,128.69,decoder,MB/s
Binary,0.2,4,124.821,4,1,1600,256,FulcrumInner,129.209,decoder,MB/s
Binary,0.2,4,124.14,4,2,1600,256,FulcrumInner,128.504,decoder,MB/s
Binary,0.2,4,124.916,4,3,1600,256,FulcrumInner,127.844,decoder,MB/s
Binary,0.2,4,127.462,4,4,1600,256,FulcrumInner,129.952,decoder,MB/s
Binary,0.3,1,119.243,3,0,1600,256,FulcrumInner,121.106,decoder,MB/s
Binary,0.3,1,126.176,4,1,1600,256,FulcrumInner,128.148,decoder,MB/s
Binary,0.3,1,131.62,4,2,1600,256,FulcrumInner,133.162,decoder,MB/s
Binary,0.3,1,130.884,4,3,1600,256,FulcrumInner,131.395,decoder,MB/s
Binary,0.3,1,129.702,4,4,1600,256,FulcrumInner,130.716,decoder,MB/s
Binary,0.3,2,130.259,4,0,1600,256,FulcrumInner,131.277,decoder,MB/s
Binary,0.3,2,128.876,4,1,1600,256,FulcrumInner,129.883,decoder,MB/s
Binary,0.3,2,128.03,4,2,1600,256,FulcrumInner,129.53,decoder,MB/s
Binary,0.3,2,123.802,4,3,1600,256,FulcrumInner,127.188,decoder,MB/s
Binary,0.3,2,125.577,4,4,1600,256,FulcrumInner,126.558,decoder,MB/s
Binary,0.3,3,123.429,4,0,1600,256,FulcrumInner,126.322,decoder,MB/s
Binary,0.3,3,121.57,4,1,1600,256,FulcrumInner,123.47,decoder,MB/s
Binary,0.3,3,129.14,4,2,1600,256,FulcrumInner,131.158,decoder,MB/s
Binary,0.3,3,126.85,4,3,1600,256,FulcrumInner,130.319,decoder,MB/s
Binary,0.3,3,122.763,4,4,1600,256,FulcrumInner,126.12,decoder,MB/s
Binary,0.3,4,119.749,4,0,1600,256,FulcrumInner,123.023,decoder,MB/s
Binary,0.3,4,121.941,4,1,1600,256,FulcrumInner,124.323,decoder,MB/s
Binary,0.3,4,119.234,4,2,1600,256,FulcrumInner,122.495,decoder,MB/s
Binary,0.3,4,121.174,4,3,1600,256,FulcrumInner,124.014,decoder,MB/s
Binary,0.3,4,121.291,4,4,1600,256,FulcrumInner,123.66,decoder,MB/s
Binary,0.4,1,123.42,4,0,1600,256,FulcrumInner,124.384,decoder,MB/s
Binary,0.4,1,118.828,4,1,1600,256,FulcrumInner,123.47,decoder,MB/s
Binary,0.4,1,122.369,4,2,1600,256,FulcrumInner,122.847,decoder,MB/s
Binary,0.4,1,106.868,4,3,1600,256,FulcrumInner,108.121,decoder,MB/s
Binary,0.4,1,119.208,4,4,1600,256,FulcrumInner,119.674,decoder,MB/s
Binary,0.4,2,117.107,3,0,1600,256,FulcrumInner,118.479,decoder,MB/s
Binary,0.4,2,110.504,3,1,1600,256,FulcrumInner,111.799,decoder,MB/s
Binary,0.4,2,119.58,3,2,1600,256,FulcrumInner,120.514,decoder,MB/s
Binary,0.4,2,119.521,3,3,1600,256,FulcrumInner,120.922,decoder,MB/s
Binary,0.4,2,118.222,3,4,1600,256,FulcrumInner,120.069,decoder,MB/s
Binary,0.4,3,117.566,4,0,1600,256,FulcrumInner,118.944,decoder,MB/s
Binary,0.4,3,126.303,4,1,1600,256,FulcrumInner,127.783,decoder,MB/s
Binary,0.4,3,127.532,4,2,1600,256,FulcrumInner,130.023,decoder,MB/s
Binary,0.4,3,125.673,4,3,1600,256,FulcrumInner,127.146,decoder,MB/s
Binary,0.4,3,116.537,4,4,1600,256,FulcrumInner,118.358,decoder,MB/s
Binary,0.4,4,115.035,3,0,1600,256,FulcrumInner,116.832,decoder,MB/s
Binary,0.4,4,121.174,4,1,1600,256,FulcrumInner,127.801,decoder,MB/s
Binary,0.4,4,123.643,4,2,1600,256,FulcrumInner,127.024,decoder,MB/s
Binary,0.4,4,124.631,4,3,1600,256,FulcrumInner,127.552,decoder,MB/s
Binary,0.4,4,124.47,4,4,1600,256,FulcrumInner,126.415,decoder,MB/s
Binary,0.5,1,130.094,4,0,1600,256,FulcrumInner,131.11,decoder,MB/s
Binary,0.5,1,131.683,4,1,1600,256,FulcrumInner,133.741,decoder,MB/s
Binary,0.5,1,131.927,4,2,1600,256,FulcrumInner,132.442,decoder,MB/s
Binary,0.5,1,126.939,4,3,1600,256,FulcrumInner,128.426,decoder,MB/s
Binary,0.5,1,131.009,4,4,1600,256,FulcrumInner,132.033,decoder,MB/s
Binary,0.5,2,130.249,4,0,1600,256,FulcrumInner,131.266,decoder,MB/s
Binary,0.5,2,129.795,4,1,1600,256,FulcrumInner,131.316,decoder,MB/s
Binary,0.5,2,130.539,4,2,1600,256,FulcrumInner,132.069,decoder,MB/s
Binary,0.5,2,127.86,4,3,1600,256,FulcrumInner,129.359,decoder,MB/s
Binary,0.5,2,130.073,4,4,1600,256,FulcrumInner,131.597,decoder,MB/s
Binary,0.5,3,125.731,4,0,1600,256,FulcrumInner,128.678,decoder,MB/s
Binary,0.5,3,129.939,4,1,1600,256,FulcrumInner,131.462,decoder,MB/s
Binary,0.5,3,127.037,4,2,1600,256,FulcrumInner,129.518,decoder,MB/s
Binary,0.5,3,127.492,4,3,1600,256,FulcrumInner,129.484,decoder,MB/s
Binary,0.5,3,118.142,4,4,1600,256,FulcrumInner,120.911,decoder,MB/s
Binary,0.5,4,123.999,4,0,1600,256,FulcrumInner,126.421,decoder,MB/s
Binary,0.5,4,126.654,4,1,1600,256,FulcrumInner,129.128,decoder,MB/s
Binary,0.5,4,119.74,4,2,1600,256,FulcrumInner,121.611,decoder,MB/s
Binary,0.5,4,122.626,4,3,1600,256,FulcrumInner,124.542,decoder,MB/s
Binary,0.5,4,122.105,4,4,1600,256,FulcrumInner,124.966,decoder,MB/s
Binary,0.2,1,64.846,1,0,1600,512,FulcrumInner,64.846,encoder,MB/s
Binary,0.2,1,65.327,1,1,1600,512,FulcrumInner,65.327,encoder,MB/s
Binary,0.2,1,68.9156,1,2,1600,512,FulcrumInner,68.9156,encoder,MB/s
Binary,0.2,1,68.4893,1,3,1600,512,FulcrumInner,68.4893,encoder,MB/s
Binary,0.2,1,69.2652,1,4,1600,512,FulcrumInner,69.2652,encoder,MB/s
Binary,0.2,2,68.0455,1,0,1600,512,FulcrumInner,68.0455,encoder,MB/s
Binary,0.2,2,68.2837,1,1,1600,512,FulcrumInner,68.2837,encoder,MB/s
Binary,0.2,2,64.251,1,2,1600,512,FulcrumInner,64.251,encoder,MB/s
Binary,0.2,2,62.7403,1,3,1600,512,FulcrumInner,62.7403,encoder,MB/s
Binary,0.2,2,65.2749,1,4,1600,512,FulcrumInner,65.2749,encoder,MB/s
Binary,0.2,3,68.0851,1,0,1600,512,FulcrumInner,68.0851,encoder,MB/s
Binary,0.2,3,63.5433,1,1,1600,512,FulcrumInner,63.5433,encoder,MB/s
Binary,0.2,3,67.142,1,2,1600,512,FulcrumInner,67.142,encoder,MB/s
Binary,0.2,3,67.7921,1,3,1600,512,FulcrumInner,67.7921,encoder,MB/s
Binary,0.2,3,64.7947,1,4,1600,512,FulcrumInner,64.7947,encoder,MB/s
Binary,0.2,4,63.093,1,0,1600,512,FulcrumInner,63.093,encoder,MB/s
Binary,0.2,4,63.7064,1,1,1600,512,FulcrumInner,63.7064,encoder,MB/s
Binary,0.2,4,70.173,1,2,1600,512,FulcrumInner,70.173,encoder,MB/s
Binary,0.2,4,70.113,1,3,1600,512,FulcrumInner,70.113,encoder,MB/s
Binary,0.2,4,70.3599,1,4,1600,512,FulcrumInner,70.3599,encoder,MB/s
Binary,0.3,1,65.3322,1,0,1600,512,FulcrumInner,65.3322,encoder,MB/s
Binary,0.3,1,65.7886,1,1,1600,512,FulcrumInner,65.7886,encoder,MB/s
Binary,0.3,1,70.4022,1,2,1600,512,FulcrumInner,70.4022,encoder,MB/s
Binary,0.3,1,70.3297,1,3,1600,512,FulcrumInner,70.3297,encoder,MB/s
Binary,0.3,1,70.6207,1,4,1600,512,FulcrumInner,70.6207,encoder,MB/s
Binary,0.3,2,65.2697,1,0,1600,512,FulcrumInner,65.2697,encoder,MB/s
Binary,0.3,2,65.9688,1,1,1600,512,FulcrumInner,65.9688,encoder,MB/s
Binary,0.3,2,70.5963,1,2,1600,512,FulcrumInner,70.5963,encoder,MB/s
Binary,0.3,2,70.5781,1,3,1600,512,FulcrumInner,70.5781,encoder,MB/s
Binary,0.3,2,71.1976,1,4,1600,512,FulcrumInner,71.1976,encoder,MB/s
Binary,0.3,3,65.2801,1,0,1600,512,FulcrumInner,65.2801,encoder,MB/s
Binary,0.3,3,66.3696,1,1,1600,512,FulcrumInner,66.3696,encoder,MB/s
Binary,0.3,3,71.8912,1,2,1600,512,FulcrumInner,71.8912,encoder,MB/s
Binary,0.3,3,70.155,1,3,1600,512,FulcrumInner,70.155,encoder,MB/s
Binary,0.3,3,70.9879,1,4,1600,512,FulcrumInner,70.9879,encoder,MB/s
Binary,0.3,4,66.607,1,0,1600,512,FulcrumInner,66.607,encoder,MB/s
Binary,0.3,4,65.5046,1,1,1600,512,FulcrumInner,65.5046,encoder,MB/s
Binary,0.3,4,66.3105,1,2,1600,512,FulcrumInner,66.3105,encoder,MB/s
Binary,0.3,4,71.1111,1,3,1600,512,FulcrumInner,71.1111,encoder,MB/s
Binary,0.3,4,70.8712,1,4,1600,512,FulcrumInner,70.8712,encoder,MB/s
Binary,0.4,1,67.1475,1,0,1600,512,FulcrumInner,67.1475,encoder,MB/s
Binary,0.4,1,67.4627,1,1,1600,512,FulcrumInner,67.4627,encoder,MB/s
Binary,0.4,1,71.8912,1,2,1600,512,FulcrumInner,71.8912,encoder,MB/s
Binary,0.4,1,71.4647,1,3,1600,512,FulcrumInner,71.4647,encoder,MB/s
Binary,0.4,1,71.5209,1,4,1600,512,FulcrumInner,71.5209,encoder,MB/s
Binary,0.4,2,65.6989,1,0,1600,512,FulcrumInner,65.6989,encoder,MB/s
Binary,0.4,2,66.95,1,1,1600,512,FulcrumInner,66.95,encoder,MB/s
Binary,0.4,2,71.8218,1,2,1600,512,FulcrumInner,71.8218,encoder,MB/s
Binary,0.4,2,71.5521,1,3,1600,512,FulcrumInner,71.5521,encoder,MB/s
Binary,0.4,2,72.3867,1,4,1600,512,FulcrumInner,72.3867,encoder,MB/s
Binary,0.4,3,64.9386,1,0,1600,512,FulcrumInner,64.9386,encoder,MB/s
Binary,0.4,3,66.0858,1,1,1600,512,FulcrumInner,66.0858,encoder,MB/s
Binary,0.4,3,70.7671,1,2,1600,512,FulcrumInner,70.7671,encoder,MB/s
Binary,0.4,3,68.2041,1,3,1600,512,FulcrumInner,68.2041,encoder,MB/s
Binary,0.4,3,70.0351,1,4,1600,512,FulcrumInner,70.0351,encoder,MB/s
Binary,0.4,4,64.7896,1,0,1600,512,FulcrumInner,64.7896,encoder,MB/s
Binary,0.4,4,65.0262,1,1,1600,512,FulcrumInner,65.0262,encoder,MB/s
Binary,0.4,4,69.412,1,2,1600,512,FulcrumInner,69.412,encoder,MB/s
Binary,0.4,4,71.2038,1,3,1600,512,FulcrumInner,71.2038,encoder,MB/s
Binary,0.4,4,68.9504,1,4,1600,512,FulcrumInner,68.9504,encoder,MB/s
Binary,0.5,1,65.6673,1,0,1600,512,FulcrumInner,65.6673,encoder,MB/s
Binary,0.5,1,65.5308,1,1,1600,512,FulcrumInner,65.5308,encoder,MB/s
Binary,0.5,1,69.6954,1,2,1600,512,FulcrumInner,69.6954,encoder,MB/s
Binary,0.5,1,71.6209,1,3,1600,512,FulcrumInner,71.6209,encoder,MB/s
Binary,0.5,1,69.5121,1,4,1600,512,FulcrumInner,69.5121,encoder,MB/s
Binary,0.5,2,65.6568,1,0,1600,512,FulcrumInner,65.6568,encoder,MB/s
Binary,0.5,2,64.1453,1,1,1600,512,FulcrumInner,64.1453,encoder,MB/s
Binary,0.5,2,68.558,1,2,1600,512,FulcrumInner,68.558,encoder,MB/s
Binary,0.5,2,71.5709,1,3,1600,512,FulcrumInner,71.5709,encoder,MB/s
Binary,0.5,2,73.3919,1,4,1600,512,FulcrumInner,73.3919,encoder,MB/s
Binary,0.5,3,66.0805,1,0,1600,512,FulcrumInner,66.0805,encoder,MB/s
Binary,0.5,3,65.9263,1,1,1600,512,FulcrumInner,65.9263,encoder,MB/s
Binary,0.5,3,69.5062,1,2,1600,512,FulcrumInner,69.5062,encoder,MB/s
Binary,0.5,3,71.3092,1,3,1600,512,FulcrumInner,71.3092,encoder,MB/s
Binary,0.5,3,71.948,1,4,1600,512,FulcrumInner,71.948,encoder,MB/s
Binary,0.5,4,66.939,1,0,1600,512,FulcrumInner,66.939,encoder,MB/s
Binary,0.5,4,65.8733,1,1,1600,512,FulcrumInner,65.8733,encoder,MB/s
Binary,0.5,4,69.7666,1,2,1600,512,FulcrumInner,69.7666,encoder,MB/s
Binary,0.5,4,69.7014,1,3,1600,512,FulcrumInner,69.7014,encoder,MB/s
Binary,0.5,4,72.2399,1,4,1600,512,FulcrumInner,72.2399,encoder,MB/s
Binary,0.2,1,57.7145,1,0,1600,512,FulcrumInner,58.0527,decoder,MB/s
Binary,0.2,1,61.9761,1,1,1600,512,FulcrumInner,62.2182,decoder,MB/s
Binary,0.2,1,63.1758,1,2,1600,512,FulcrumInner,63.5459,decoder,MB/s
Binary,0.2,1,63.0833,1,3,1600,512,FulcrumInner,63.2065,decoder,MB/s
Binary,0.2,1,62.7067,1,4,1600,512,FulcrumInner,63.0741,decoder,MB/s
Binary,0.2,2,62.6204,1,0,1600,512,FulcrumInner,63.1096,decoder,MB/s
Binary,0.2,2,62.7884,1,1,1600,512,FulcrumInner,63.1563,decoder,MB/s
Binary,0.2,2,62.1124,1,2,1600,512,FulcrumInner,63.0829,decoder,MB/s
Binary,0.2,2,61.7146,1,3,1600,512,FulcrumInner,62.0762,decoder,MB/s
Binary,0.2,2,62.8076,1,4,1600,512,FulcrumInner,63.2983,decoder,MB/s
Binary,0.2,3,62.3013,1,0,1600,512,FulcrumInner,62.6664,decoder,MB/s
Binary,0.2,3,59.2293,1,1,1600,512,FulcrumInner,60.1547,decoder,MB/s
Binary,0.2,3,61.3955,1,2,1600,512,FulcrumInner,62.115,decoder,MB/s
Binary,0.2,3,62.1029,1,3,1600,512,FulcrumInner,62.4668,decoder,MB/s
Binary,0.2,3,60.8076,1,4,1600,512,FulcrumInner,61.639,decoder,MB/s
Binary,0.2,4,61.6867,1,0,1600,512,FulcrumInner,62.2892,decoder,MB/s
Binary,0.2,4,59.0925,1,1,1600,512,FulcrumInner,59.785,decoder,MB/s
Binary,0.2,4,59.9795,1,2,1600,512,FulcrumInner,60.4481,decoder,MB/s
Binary,0.2,4,62.0982,1,3,1600,512,FulcrumInner,62.9472,decoder,MB/s
Binary,0.2,4,62.606,1,4,1600,512,FulcrumInner,63.462,decoder,MB/s
Binary,0.3,1,62.563,1,0,1600,512,FulcrumInner,62.8074,decoder,MB/s
Binary,0.3,1,62.9863,1,1,1600,512,FulcrumInner,63.1093,decoder,MB/s
Binary,0.3,1,59.0074,1,2,1600,512,FulcrumInner,59.2379,decoder,MB/s
Binary,0.3,1,62.0465,1,3,1600,512,FulcrumInner,62.4101,decoder,MB/s
Binary,0.3,1,62.4628,1,4,1600,512,FulcrumInner,62.5848,decoder,MB/s
Binary,0.3,2,62.6923,1,0,1600,512,FulcrumInner,62.9372,decoder,MB/s
Binary,0.3,2,61.7239,1,1,1600,512,FulcrumInner,62.9295,decoder,MB/s
Binary,0.3,2,62.9863,1,2,1600,512,FulcrumInner,63.3554,decoder,MB/s
Binary,0.3,2,62.1595,1,3,1600,512,FulcrumInner,62.8879,decoder,MB/s
Binary,0.3,2,62.2634,1,4,1600,512,FulcrumInner,62.5067,decoder,MB/s
Binary,0.3,3,61.2166,1,0,1600,512,FulcrumInner,61.6948,decoder,MB/s
Binary,0.3,3,62.0606,1,1,1600,512,FulcrumInner,62.6667,decoder,MB/s
Binary,0.3,3,61.1343,1,2,1600,512,FulcrumInner,61.6119,decoder,MB/s
Binary,0.3,3,60.8437,1,3,1600,512,FulcrumInner,61.5567,decoder,MB/s
Binary,0.3,3,62.1406,1,4,1600,512,FulcrumInner,62.5047,decoder,MB/s
Binary,0.3,4,62.1595,1,0,1600,512,FulcrumInner,63.0093,decoder,MB/s
Binary,0.3,4,61.148,1,1,1600,512,FulcrumInner,62.3423,decoder,MB/s
Binary,0.3,4,62.2209,1,2,1600,512,FulcrumInner,62.8285,decoder,MB/s
Binary,0.3,4,61.8918,1,3,1600,512,FulcrumInner,62.6171,decoder,MB/s
Binary,0.3,4,61.4969,1,4,1600,512,FulcrumInner,62.3377,decoder,MB/s
Binary,0.4,1,63.0493,1,0,1600,512,FulcrumInner,63.2956,decoder,MB/s
Binary,0.4,1,62.5869,1,1,1600,512,FulcrumInner,62.9536,decoder,MB/s
Binary,0.4,1,62.7499,1,2,1600,512,FulcrumInner,63.1176,decoder,MB/s
Binary,0.4,1,63.2196,1,3,1600,512,FulcrumInner,63.4666,decoder,MB/s
Binary,0.4,1,56.972,1,4,1600,512,FulcrumInner,58.5298,decoder,MB/s
Binary,0.4,2,62.5821,1,0,1600,512,FulcrumInner,63.6822,decoder,MB/s
Binary,0.4,2,62.8173,1,1,1600,512,FulcrumInner,63.0626,decoder,MB/s
Binary,0.4,2,59.9268,1,2,1600,512,FulcrumInner,60.5121,decoder,MB/s
Binary,0.4,2,58.0952,1,3,1600,512,FulcrumInner,58.4356,decoder,MB/s
Binary,0.4,2,62.0982,1,4,1600,512,FulcrumInner,62.3408,decoder,MB/s
Binary,0.4,3,62.1453,1,0,1600,512,FulcrumInner,62.6309,decoder,MB/s
Binary,0.4,3,62.0935,1,1,1600,512,FulcrumInner,62.4574,decoder,MB/s
Binary,0.4,3,61.2853,1,2,1600,512,FulcrumInner,61.764,decoder,MB/s
Binary,0.4,3,62.0324,1,3,1600,512,FulcrumInner,62.3959,decoder,MB/s
Binary,0.4,3,61.148,1,4,1600,512,FulcrumInner,61.7452,decoder,MB/s
Binary,0.4,4,60.471,1,0,1600,512,FulcrumInner,61.4158,decoder,MB/s
Binary,0.4,4,61.4508,1,1,1600,512,FulcrumInner,61.9308,decoder,MB/s
Binary,0.4,4,58.4058,1,2,1600,512,FulcrumInner,59.3184,decoder,MB/s
Binary,0.4,4,61.8311,1,3,1600,512,FulcrumInner,62.6764,decoder,MB/s
Binary,0.4,4,62.07,1,4,1600,512,FulcrumInner,62.6762,decoder,MB/s
Binary,0.5,1,62.9573,1,0,1600,512,FulcrumInner,63.2032,decoder,MB/s
Binary,0.5,1,62.5487,1,1,1600,512,FulcrumInner,62.9152,decoder,MB/s
Binary,0.5,1,62.6827,1,2,1600,512,FulcrumInner,62.8051,decoder,MB/s
Binary,0.5,1,63.499,1,3,1600,512,FulcrumInner,63.623,decoder,MB/s
Binary,0.5,1,62.4914,1,4,1600,512,FulcrumInner,62.7355,decoder,MB/s
Binary,0.5,2,61.5801,1,0,1600,512,FulcrumInner,62.3017,decoder,MB/s
Binary,0.5,2,62.0183,1,1,1600,512,FulcrumInner,62.2606,decoder,MB/s
Binary,0.5,2,62.4057,1,2,1600,512,FulcrumInner,63.137,decoder,MB/s
Binary,0.5,2,63.0736,1,3,1600,512,FulcrumInner,63.4432,decoder,MB/s
Binary,0.5,2,62.7788,1,4,1600,512,FulcrumInner,63.2692,decoder,MB/s
Binary,0.5,3,57.1827,1,0,1600,512,FulcrumInner,57.5178,decoder,MB/s
Binary,0.5,3,62.1453,1,1,1600,512,FulcrumInner,62.5095,decoder,MB/s
Binary,0.5,3,61.2211,1,2,1600,512,FulcrumInner,61.6994,decoder,MB/s
Binary,0.5,3,58.3684,1,3,1600,512,FulcrumInner,58.8244,decoder,MB/s
Binary,0.5,3,61.3679,1,4,1600,512,FulcrumInner,61.9672,decoder,MB/s
Binary,0.5,4,60.6321,1,0,1600,512,FulcrumInner,61.1058,decoder,MB/s
Binary,0.5,4,62.4962,1,1,1600,512,FulcrumInner,63.2286,decoder,MB/s
Binary,0.5,4,61.6125,1,2,1600,512,FulcrumInner,62.5752,decoder,MB/s
Binary,0.5,4,62.501,1,3,1600,512,FulcrumInner,62.9892,decoder,MB/s
Binary,0.5,4,62.3487,1,4,1600,512,FulcrumInner,63.2012,decoder,MB/s
Binary,0.2,1,33.5648,1,0,1600,1024,FulcrumInner,33.5648,encoder,MB/s
Binary,0.2,1,36.2719,1,1,1600,1024,FulcrumInner,36.2719,encoder,MB/s
Binary,0.2,1,35.8003,1,2,1600,1024,FulcrumInner,35.8003,encoder,MB/s
Binary,0.2,1,35.5548,1,3,1600,1024,FulcrumInner,35.5548,encoder,MB/s
Binary,0.2,1,36.0667,1,4,1600,1024,FulcrumInner,36.0667,encoder,MB/s
Binary,0.2,2,33.6206,1,0,1600,1024,FulcrumInner,33.6206,encoder,MB/s
Binary,0.2,2,36.2229,1,1,1600,1024,FulcrumInner,36.2229,encoder,MB/s
Binary,0.2,2,35.0243,1,2,1600,1024,FulcrumInner,35.0243,encoder,MB/s
Binary,0.2,2,35.993,1,3,1600,1024,FulcrumInner,35.993,encoder,MB/s
Binary,0.2,2,35.7511,1,4,1600,1024,FulcrumInner,35.7511,encoder,MB/s
Binary,0.2,3,34.0553,1,0,1600,1024,FulcrumInner,34.0553,encoder,MB/s
Binary,0.2,3,36.0476,1,1,1600,1024,FulcrumInner,36.0476,encoder,MB/s
Binary,0.2,3,35.2359,1,2,1600,1024,FulcrumInner,35.2359,encoder,MB/s
Binary,0.2,3,35.929,1,3,1600,1024,FulcrumInner,35.929,encoder,MB/s
Binary,0.2,3,35.7768,1,4,1600,1024,FulcrumInner,35.7768,encoder,MB/s
Binary,0.2,4,33.7203,1,0,1600,1024,FulcrumInner,33.7203,encoder,MB/s
Binary,0.2,4,35.3469,1,1,1600,1024,FulcrumInner,35.3469,encoder,MB/s
Binary,0.2,4,34.5756,1,2,1600,1024,FulcrumInner,34.5756,encoder,MB/s
Binary,0.2,4,35.5532,1,3,1600,1024,FulcrumInner,35.5532,encoder,MB/s
Binary,0.2,4,35.1445,1,4,1600,1024,FulcrumInner,35.1445,encoder,MB/s
Binary,0.3,1,33.1338,1,0,1600,1024,FulcrumInner,33.1338,encoder,MB/s
Binary,0.3,1,36.1167,1,1,1600,1024,FulcrumInner,36.1167,encoder,MB/s
Binary,0.3,1,36.1965,1,2,1600,1024,FulcrumInner,36.1965,encoder,MB/s
Binary,0.3,1,34.7575,1,3,1600,1024,FulcrumInner,34.7575,encoder,MB/s
Binary,0.3,1,35.8058,1,4,1600,1024,FulcrumInner,35.8058,encoder,MB/s
Binary,0.3,2,33.9129,1,0,1600,1024,FulcrumInner,33.9129,encoder,MB/s
Binary,0.3,2,36.1271,1,1,1600,1024,FulcrumInner,36.1271,encoder,MB/s
Binary,0.3,2,35.8496,1,2,1600,1024,FulcrumInner,35.8496,encoder,MB/s
Binary,0.3,2,35.4763,1,3,1600,1024,FulcrumInner,35.4763,encoder,MB/s
Binary,0.3,2,35.6104,1,4,1600,1024,FulcrumInner,35.6104,encoder,MB/s
Binary,0.3,3,33.203,1,0,1600,1024,FulcrumInner,33.203,encoder,MB/s
Binary,0.3,3,35.7698,1,1,1600,1024,FulcrumInner,35.7698,encoder,MB/s
Binary,0.3,3,35.2754,1,2,1600,1024,FulcrumInner,35.2754,encoder,MB/s
Binary,0.3,3,35.9235,1,3,1600,1024,FulcrumInner,35.9235,encoder,MB/s
Binary,0.3,3,35.6748,1,4,1600,1024,FulcrumInner,35.6748,encoder,MB/s
Binary,0.3,4,33.7043,1,0,1600,1024,FulcrumInner,33.7043,encoder,MB/s
Binary,0.3,4,35.9827,1,1,1600,1024,FulcrumInner,35.9827,encoder,MB/s
Binary,0.3,4,35.9464,1,2,1600,1024,FulcrumInner,35.9464,encoder,MB/s
Binary,0.3,4,34.6056,1,3,1600,1024,FulcrumInner,34.6056,encoder,MB/s
Binary,0.3,4,36.0397,1,4,1600,1024,FulcrumInner,36.0397,encoder,MB/s
Binary,0.4,1,34.0801,1,0,1600,1024,FulcrumInner,34.0801,encoder,MB/s
Binary,0.4,1,35.6864,1,1,1600,1024,FulcrumInner,35.6864,encoder,MB/s
Binary,0.4,1,35.9882,1,2,1600,1024,FulcrumInner,35.9882,encoder,MB/s
Binary,0.4,1,36.1582,1,3,1600,1024,FulcrumInner,36.1582,encoder,MB/s
Binary,0.4,1,34.7376,1,4,1600,1024,FulcrumInner,34.7376,encoder,MB/s
Binary,0.4,2,34.0016,1,0,1600,1024,FulcrumInner,34.0016,encoder,MB/s
Binary,0.4,2,36.3879,1,1,1600,1024,FulcrumInner,36.3879,encoder,MB/s
Binary,0.4,2,35.7378,1,2,1600,1024,FulcrumInner,35.7378,encoder,MB/s
Binary,0.4,2,35.7121,1,3,1600,1024,FulcrumInner,35.7121,encoder,MB/s
Binary,0.4,2,36.1199,1,4,1600,1024,FulcrumInner,36.1199,encoder,MB/s
Binary,0.4,3,33.6877,1,0,1600,1024,FulcrumInner,33.6877,encoder,MB/s
Binary,0.4,3,35.1943,1,1,1600,1024,FulcrumInner,35.1943,encoder,MB/s
Binary,0.4,3,35.6143,1,2,1600,1024,FulcrumInner,35.6143,encoder,MB/s
Binary,0.4,3,36.0802,1,3,1600,1024,FulcrumInner,36.0802,encoder,MB/s
Binary,0.4,3,36.0365,1,4,1600,1024,FulcrumInner,36.0365,encoder,MB/s
Binary,0.4,4,33.7752,1,0,1600,1024,FulcrumInner,33.7752,encoder,MB/s
Binary,0.4,4,36.143,1,1,1600,1024,FulcrumInner,36.143,encoder,MB/s
Binary,0.4,4,34.8945,1,2,1600,1024,FulcrumInner,34.8945,encoder,MB/s
Binary,0.4,4,36.0682,1,3,1600,1024,FulcrumInner,36.0682,encoder,MB/s
Binary,0.4,4,36.296,1,4,1600,1024,FulcrumInner,36.296,encoder,MB/s
Binary,0.5,1,33.8989,1,0,1600,1024,FulcrumInner,33.8989,encoder,MB/s
Binary,0.5,1,35.9685,1,1,1600,1024,FulcrumInner,35.9685,encoder,MB/s
Binary,0.5,1,33.9234,1,2,1600,1024,FulcrumInner,33.9234,encoder,MB/s
Binary,0.5,1,32.7726,1,3,1600,1024,FulcrumInner,32.7726,encoder,MB/s
Binary,0.5,1,35.8834,1,4,1600,1024,FulcrumInner,35.8834,encoder,MB/s
Binary,0.5,2,33.6496,1,0,1600,1024,FulcrumInner,33.6496,encoder,MB/s
Binary,0.5,2,36.0714,1,1,1600,1024,FulcrumInner,36.0714,encoder,MB/s
Binary,0.5,2,34.8477,1,2,1600,1024,FulcrumInner,34.8477,encoder,MB/s
Binary,0.5,2,36.1893,1,3,1600,1024,FulcrumInner,36.1893,encoder,MB/s
Binary,0.5,2,35.9716,1,4,1600,1024,FulcrumInner,35.9716,encoder,MB/s
Binary,0.5,3,33.8359,1,0,1600,1024,FulcrumInner,33.8359,encoder,MB/s
Binary,0.5,3,36.0381,1,1,1600,1024,FulcrumInner,36.0381,encoder,MB/s
Binary,0.5,3,36.1391,1,2,1600,1024,FulcrumInner,36.1391,encoder,MB/s
Binary,0.5,3,35.7378,1,3,1600,1024,FulcrumInner,35.7378,encoder,MB/s
Binary,0.5,3,34.9034,1,4,1600,1024,FulcrumInner,34.9034,encoder,MB/s
Binary,0.5,4,30.9851,1,0,1600,1024,FulcrumInner,30.9851,encoder,MB/s
Binary,0.5,4,30.0266,1,1,1600,1024,FulcrumInner,30.0266,encoder,MB/s
Binary,0.5,4,32.6232,1,2,1600,1024,FulcrumInner,32.6232,encoder,MB/s
Binary,0.5,4,32.7883,1,3,1600,1024,FulcrumInner,32.7883,encoder,MB/s
Binary,0.5,4,35.4678,1,4,1600,1024,FulcrumInner,35.4678,encoder,MB/s
Binary,0.2,1,30.0453,1,0,1600,1024,FulcrumInner,30.0746,decoder,MB/s
Binary,0.2,1,29.7313,1,1,1600,1024,FulcrumInner,29.9635,decoder,MB/s
Binary,0.2,1,29.6055,1,2,1600,1024,FulcrumInner,29.9525,decoder,MB/s
Binary,0.2,1,30.3228,1,3,1600,1024,FulcrumInner,30.4116,decoder,MB/s
Binary,0.2,1,29.4253,1,4,1600,1024,FulcrumInner,29.5115,decoder,MB/s
Binary,0.2,2,30.1066,1,0,1600,1024,FulcrumInner,30.1654,decoder,MB/s
Binary,0.2,2,29.5612,1,1,1600,1024,FulcrumInner,29.7055,decoder,MB/s
Binary,0.2,2,29.2258,1,2,1600,1024,FulcrumInner,29.3115,decoder,MB/s
Binary,0.2,2,30.2293,1,3,1600,1024,FulcrumInner,30.2884,decoder,MB/s
Binary,0.2,2,30.3087,1,4,1600,1024,FulcrumInner,30.3679,decoder,MB/s
Binary,0.2,3,29.542,1,0,1600,1024,FulcrumInner,29.6574,decoder,MB/s
Binary,0.2,3,30.2903,1,1,1600,1024,FulcrumInner,30.4382,decoder,MB/s
Binary,0.2,3,29.833,1,2,1600,1024,FulcrumInner,30.0078,decoder,MB/s
Binary,0.2,3,29.7907,1,3,1600,1024,FulcrumInner,29.878,decoder,MB/s
Binary,0.2,3,29.9399,1,4,1600,1024,FulcrumInner,30.1153,decoder,MB/s
Binary,0.2,4,29.605,1,0,1600,1024,FulcrumInner,29.7496,decoder,MB/s
Binary,0.2,4,30.0994,1,1,1600,1024,FulcrumInner,30.217,decoder,MB/s
Binary,0.2,4,28.2001,1,2,1600,1024,FulcrumInner,28.3929,decoder,MB/s
Binary,0.2,4,28.1546,1,3,1600,1024,FulcrumInner,28.2921,decoder,MB/s
Binary,0.2,4,29.2488,1,4,1600,1024,FulcrumInner,29.3916,decoder,MB/s
Binary,0.3,1,30.4445,1,0,1600,1024,FulcrumInner,30.4742,decoder,MB/s
Binary,0.3,1,29.7864,1,1,1600,1024,FulcrumInner,29.8446,decoder,MB/s
Binary,0.3,1,30.2573,1,2,1600,1024,FulcrumInner,30.405,decoder,MB/s
Binary,0.3,1,28.3927,1,3,1600,1024,FulcrumInner,28.4481,decoder,MB/s
Binary,0.3,1,28.6975,1,4,1600,1024,FulcrumInner,28.7816,decoder,MB/s
Binary,0.3,2,29.8265,1,0,1600,1024,FulcrumInner,29.943,decoder,MB/s
Binary,0.3,2,30.2288,1,1,1600,1024,FulcrumInner,30.2878,decoder,MB/s
Binary,0.3,2,29.5404,1,2,1600,1024,FulcrumInner,29.6558,decoder,MB/s
Binary,0.3,2,30.1454,1,3,1600,1024,FulcrumInner,30.2042,decoder,MB/s
Binary,0.3,2,30.2271,1,4,1600,1024,FulcrumInner,30.3157,decoder,MB/s
Binary,0.3,3,29.9618,1,0,1600,1024,FulcrumInner,30.0496,decoder,MB/s
Binary,0.3,3,30.0861,1,1,1600,1024,FulcrumInner,30.233,decoder,MB/s
Binary,0.3,3,28.2609,1,2,1600,1024,FulcrumInner,28.3713,decoder,MB/s
Binary,0.3,3,30.2293,1,3,1600,1024,FulcrumInner,30.3179,decoder,MB/s
Binary,0.3,3,28.9649,1,4,1600,1024,FulcrumInner,29.1063,decoder,MB/s
Binary,0.3,4,30.1742,1,0,1600,1024,FulcrumInner,30.3216,decoder,MB/s
Binary,0.3,4,29.1821,1,1,1600,1024,FulcrumInner,29.3531,decoder,MB/s
Binary,0.3,4,29.5863,1,2,1600,1024,FulcrumInner,29.7596,decoder,MB/s
Binary,0.3,4,30.09,1,3,1600,1024,FulcrumInner,30.2369,decoder,MB/s
Binary,0.3,4,29.9903,1,4,1600,1024,FulcrumInner,30.166,decoder,MB/s
Binary,0.4,1,29.0507,1,0,1600,1024,FulcrumInner,29.1358,decoder,MB/s
Binary,0.4,1,28.6253,1,1,1600,1024,FulcrumInner,28.7651,decoder,MB/s
Binary,0.4,1,29.8336,1,2,1600,1024,FulcrumInner,29.921,decoder,MB/s
Binary,0.4,1,30.2483,1,3,1600,1024,FulcrumInner,30.396,decoder,MB/s
Binary,0.4,1,29.6312,1,4,1600,1024,FulcrumInner,29.6891,decoder,MB/s
Binary,0.4,2,30.2472,1,0,1600,1024,FulcrumInner,30.3654,decoder,MB/s
Binary,0.4,2,30.3357,1,1,1600,1024,FulcrumInner,30.4542,decoder,MB/s
Binary,0.4,2,29.8684,1,2,1600,1024,FulcrumInner,30.0142,decoder,MB/s
Binary,0.4,2,29.9475,1,3,1600,1024,FulcrumInner,30.006,decoder,MB/s
Binary,0.4,2,29.8809,1,4,1600,1024,FulcrumInner,29.9684,decoder,MB/s
Binary,0.4,3,28.9787,1,0,1600,1024,FulcrumInner,29.1485,decoder,MB/s
Binary,0.4,3,30.0905,1,1,1600,1024,FulcrumInner,30.2375,decoder,MB/s
Binary,0.4,3,30.1598,1,2,1600,1024,FulcrumInner,30.2776,decoder,MB/s
Binary,0.4,3,29.9514,1,3,1600,1024,FulcrumInner,30.1269,decoder,MB/s
Binary,0.4,3,29.6516,1,4,1600,1024,FulcrumInner,29.7674,decoder,MB/s
Binary,0.4,4,29.5687,1,0,1600,1024,FulcrumInner,29.6842,decoder,MB/s
Binary,0.4,4,29.8151,1,1,1600,1024,FulcrumInner,29.9607,decoder,MB/s
Binary,0.4,4,29.5559,1,2,1600,1024,FulcrumInner,29.729,decoder,MB/s
Binary,0.4,4,29.3799,1,3,1600,1024,FulcrumInner,29.5234,decoder,MB/s
Binary,0.4,4,29.4369,1,4,1600,1024,FulcrumInner,29.5519,decoder,MB/s
Binary,0.5,1,28.6183,1,0,1600,1024,FulcrumInner,28.6742,decoder,MB/s
Binary,0.5,1,29.2775,1,1,1600,1024,FulcrumInner,29.3633,decoder,MB/s
Binary,0.5,1,29.3641,1,2,1600,1024,FulcrumInner,29.3928,decoder,MB/s
Binary,0.5,1,28.0827,1,3,1600,1024,FulcrumInner,28.1101,decoder,MB/s
Binary,0.5,1,30.4021,1,4,1600,1024,FulcrumInner,30.4615,decoder,MB/s
Binary,0.5,2,28.7908,1,0,1600,1024,FulcrumInner,29.0158,decoder,MB/s
Binary,0.5,2,29.8994,1,1,1600,1024,FulcrumInner,30.0162,decoder,MB/s
Binary,0.5,2,30.157,1,2,1600,1024,FulcrumInner,30.2748,decoder,MB/s
Binary,0.5,2,30.0812,1,3,1600,1024,FulcrumInner,30.3749,decoder,MB/s
Binary,0.5,2,29.9164,1,4,1600,1024,FulcrumInner,29.9748,decoder,MB/s
Binary,0.5,3,29.7885,1,0,1600,1024,FulcrumInner,29.934,decoder,MB/s
Binary,0.5,3,30.2243,1,1,1600,1024,FulcrumInner,30.4014,decoder,MB/s
Binary,0.5,3,29.8575,1,2,1600,1024,FulcrumInner,29.945,decoder,MB/s
Binary,0.5,3,29.4735,1,3,1600,1024,FulcrumInner,29.5598,decoder,MB/s
Binary,0.5,3,28.1982,1,4,1600,1024,FulcrumInner,28.3083,decoder,MB/s
Binary,0.5,4,30.1381,1,0,1600,1024,FulcrumInner,30.2559,decoder,MB/s
Binary,0.5,4,30.0812,1,1,1600,1024,FulcrumInner,30.228,decoder,MB/s
Binary,0.5,4,29.8091,1,2,1600,1024,FulcrumInner,29.9838,decoder,MB/s
Binary,0.5,4,29.9339,1,3,1600,1024,FulcrumInner,30.1093,decoder,MB/s
Binary,0.5,4,29.4862,1,4,1600,1024,FulcrumInner,29.7741,decoder,MB/s
