benchmark,expansion,goodput,iterations,run_number,symbol_size,symbols,testcase,throughput,type,unit
Binary,1,620.499,245,0,1600,16,FulcrumInner,620.499,encoder,MB/s
Binary,1,623.955,245,1,1600,16,FulcrumInner,623.955,encoder,MB/s
Binary,1,626.323,245,2,1600,16,FulcrumInner,626.323,encoder,MB/s
Binary,1,622.222,245,3,1600,16,FulcrumInner,622.222,encoder,MB/s
Binary,1,609.935,247,4,1600,16,FulcrumInner,609.935,encoder,MB/s
Binary,2,595.113,235,0,1600,16,FulcrumInner,595.113,encoder,MB/s
Binary,2,609.219,238,1,1600,16,FulcrumInner,609.219,encoder,MB/s
Binary,2,597.216,238,2,1600,16,FulcrumInner,597.216,encoder,MB/s
Binary,2,602.055,238,3,1600,16,FulcrumInner,602.055,encoder,MB/s
Binary,2,605.526,238,4,1600,16,FulcrumInner,605.526,encoder,MB/s
Binary,3,560.861,222,0,1600,16,FulcrumInner,560.861,encoder,MB/s
Binary,3,573.134,225,1,1600,16,FulcrumInner,573.134,encoder,MB/s
Binary,3,568.889,227,2,1600,16,FulcrumInner,568.889,encoder,MB/s
Binary,3,572.363,227,3,1600,16,FulcrumInner,572.363,encoder,MB/s
Binary,3,571.35,227,4,1600,16,FulcrumInner,571.35,encoder,MB/s
Binary,4,522.092,209,0,1600,16,FulcrumInner,522.092,encoder,MB/s
Binary,4,548.463,216,1,1600,16,FulcrumInner,548.463,encoder,MB/s
Binary,4,551.471,216,2,1600,16,FulcrumInner,551.471,encoder,MB/s
Binary,4,536.527,217,3,1600,16,FulcrumInner,536.527,encoder,MB/s
Binary,4,552.152,217,4,1600,16,FulcrumInner,552.152,encoder,MB/s
Binary,1,1354.87,551,0,1600,16,FulcrumInner,1608.91,decoder,MB/s
Binary,1,1515,596,1,1600,16,FulcrumInner,1609.69,decoder,MB/s
Binary,1,1462.3,596,2,1600,16,FulcrumInner,1736.48,decoder,MB/s
Binary,1,1498.49,596,3,1600,16,FulcrumInner,1685.8,decoder,MB/s
Binary,1,1485.5,596,4,1600,16,FulcrumInner,1671.19,decoder,MB/s
Binary,2,1148.33,491,0,1600,16,FulcrumInner,1722.49,decoder,MB/s
Binary,2,1347.73,584,1,1600,16,FulcrumInner,1516.2,decoder,MB/s
Binary,2,1156.53,584,2,1600,16,FulcrumInner,1807.07,decoder,MB/s
Binary,2,1259.51,584,3,1600,16,FulcrumInner,1653.11,decoder,MB/s
Binary,2,1427.65,584,4,1600,16,FulcrumInner,1606.11,decoder,MB/s
Binary,3,1227.28,518,0,1600,16,FulcrumInner,1457.4,decoder,MB/s
Binary,3,1269.71,518,1,1600,16,FulcrumInner,1587.13,decoder,MB/s
Binary,3,1203.01,518,2,1600,16,FulcrumInner,1503.76,decoder,MB/s
Binary,3,1170.31,518,3,1600,16,FulcrumInner,1536.03,decoder,MB/s
Binary,3,1308.42,518,4,1600,16,FulcrumInner,1635.52,decoder,MB/s
Binary,4,1053.85,459,0,1600,16,FulcrumInner,1449.04,decoder,MB/s
Binary,4,1140.7,459,1,1600,16,FulcrumInner,1568.47,decoder,MB/s
Binary,4,1142.31,465,2,1600,16,FulcrumInner,1499.28,decoder,MB/s
Binary,4,1117.01,465,3,1600,16,FulcrumInner,1535.89,decoder,MB/s
Binary,4,1115.13,465,4,1600,16,FulcrumInner,1533.3,decoder,MB/s
Binary,1,656.216,130,0,1600,32,FulcrumInner,656.216,encoder,MB/s
Binary,1,677.64,133,1,1600,32,FulcrumInner,677.64,encoder,MB/s
Binary,1,678.012,134,2,1600,32,FulcrumInner,678.012,encoder,MB/s
Binary,1,658.679,134,3,1600,32,FulcrumInner,658.679,encoder,MB/s
Binary,1,665.193,134,4,1600,32,FulcrumInner,665.193,encoder,MB/s
Binary,2,617.715,123,0,1600,32,FulcrumInner,617.715,encoder,MB/s
Binary,2,652.519,129,1,1600,32,FulcrumInner,652.519,encoder,MB/s
Binary,2,651.232,129,2,1600,32,FulcrumInner,651.232,encoder,MB/s
Binary,2,651.297,129,3,1600,32,FulcrumInner,651.297,encoder,MB/s
Binary,2,642.991,129,4,1600,32,FulcrumInner,642.991,encoder,MB/s
Binary,3,588.797,116,0,1600,32,FulcrumInner,588.797,encoder,MB/s
Binary,3,611.493,122,1,1600,32,FulcrumInner,611.493,encoder,MB/s
Binary,3,621.678,123,2,1600,32,FulcrumInner,621.678,encoder,MB/s
Binary,3,612.19,123,3,1600,32,FulcrumInner,612.19,encoder,MB/s
Binary,3,627.564,123,4,1600,32,FulcrumInner,627.564,encoder,MB/s
Binary,4,582.689,114,0,1600,32,FulcrumInner,582.689,encoder,MB/s
Binary,4,587.361,118,1,1600,32,FulcrumInner,587.361,encoder,MB/s
Binary,4,595.29,118,2,1600,32,FulcrumInner,595.29,encoder,MB/s
Binary,4,595.584,118,3,1600,32,FulcrumInner,595.584,encoder,MB/s
Binary,4,591.444,118,4,1600,32,FulcrumInner,591.444,encoder,MB/s
Binary,1,838.275,180,0,1600,32,FulcrumInner,969.256,decoder,MB/s
Binary,1,874.705,191,1,1600,32,FulcrumInner,1011.38,decoder,MB/s
Binary,1,874.861,191,2,1600,32,FulcrumInner,984.219,decoder,MB/s
Binary,1,892.263,191,3,1600,32,FulcrumInner,948.029,decoder,MB/s
Binary,1,965.37,191,4,1600,32,FulcrumInner,995.538,decoder,MB/s
Binary,2,832.972,165,0,1600,32,FulcrumInner,963.124,decoder,MB/s
Binary,2,768.07,165,1,1600,32,FulcrumInner,936.085,decoder,MB/s
Binary,2,835.608,165,2,1600,32,FulcrumInner,940.059,decoder,MB/s
Binary,2,788.663,175,3,1600,32,FulcrumInner,911.892,decoder,MB/s
Binary,2,857.662,175,4,1600,32,FulcrumInner,938.068,decoder,MB/s
Binary,3,796.354,157,0,1600,32,FulcrumInner,895.899,decoder,MB/s
Binary,3,831.44,169,1,1600,32,FulcrumInner,935.37,decoder,MB/s
Binary,3,711.696,169,2,1600,32,FulcrumInner,956.342,decoder,MB/s
Binary,3,848.48,169,3,1600,32,FulcrumInner,954.54,decoder,MB/s
Binary,3,856.628,169,4,1600,32,FulcrumInner,936.937,decoder,MB/s
Binary,4,788.086,154,0,1600,32,FulcrumInner,911.224,decoder,MB/s
Binary,4,741.76,160,1,1600,32,FulcrumInner,927.2,decoder,MB/s
Binary,4,720.508,164,2,1600,32,FulcrumInner,900.635,decoder,MB/s
Binary,4,773.685,164,3,1600,32,FulcrumInner,894.573,decoder,MB/s
Binary,4,813.801,164,4,1600,32,FulcrumInner,915.526,decoder,MB/s
Binary,1,487.382,49,0,1600,64,FulcrumInner,487.382,encoder,MB/s
Binary,1,485.402,49,1,1600,64,FulcrumInner,485.402,encoder,MB/s
Binary,1,499.164,49,2,1600,64,FulcrumInner,499.164,encoder,MB/s
Binary,1,500.709,49,3,1600,64,FulcrumInner,500.709,encoder,MB/s
Binary,1,498.817,49,4,1600,64,FulcrumInner,498.817,encoder,MB/s
Binary,2,467.171,47,0,1600,64,FulcrumInner,467.171,encoder,MB/s
Binary,2,477.575,48,1,1600,64,FulcrumInner,477.575,encoder,MB/s
Binary,2,480.986,48,2,1600,64,FulcrumInner,480.986,encoder,MB/s
Binary,2,483.446,48,3,1600,64,FulcrumInner,483.446,encoder,MB/s
Binary,2,483.114,48,4,1600,64,FulcrumInner,483.114,encoder,MB/s
Binary,3,454.014,46,0,1600,64,FulcrumInner,454.014,encoder,MB/s
Binary,3,452.967,46,1,1600,64,FulcrumInner,452.967,encoder,MB/s
Binary,3,462.484,46,2,1600,64,FulcrumInner,462.484,encoder,MB/s
Binary,3,462.711,46,3,1600,64,FulcrumInner,462.711,encoder,MB/s
Binary,3,457.01,46,4,1600,64,FulcrumInner,457.01,encoder,MB/s
Binary,4,439.957,44,0,1600,64,FulcrumInner,439.957,encoder,MB/s
Binary,4,444.383,44,1,1600,64,FulcrumInner,444.383,encoder,MB/s
Binary,4,447.031,45,2,1600,64,FulcrumInner,447.031,encoder,MB/s
Binary,4,452.697,45,3,1600,64,FulcrumInner,452.697,encoder,MB/s
Binary,4,449.956,45,4,1600,64,FulcrumInner,449.956,encoder,MB/s
Binary,1,439.485,43,0,1600,64,FulcrumInner,466.953,decoder,MB/s
Binary,1,462.216,48,1,1600,64,FulcrumInner,498.326,decoder,MB/s
Binary,1,472.479,48,2,1600,64,FulcrumInner,494.627,decoder,MB/s
Binary,1,486.653,48,3,1600,64,FulcrumInner,494.257,decoder,MB/s
Binary,1,483.795,50,4,1600,64,FulcrumInner,498.913,decoder,MB/s
Binary,2,442.159,44,0,1600,64,FulcrumInner,462.885,decoder,MB/s
Binary,2,470,47,1,1600,64,FulcrumInner,492.031,decoder,MB/s
Binary,2,441.298,47,2,1600,64,FulcrumInner,496.461,decoder,MB/s
Binary,2,463.259,47,3,1600,64,FulcrumInner,492.213,decoder,MB/s
Binary,2,470.276,47,4,1600,64,FulcrumInner,484.972,decoder,MB/s
Binary,3,419.549,42,0,1600,64,FulcrumInner,458.882,decoder,MB/s
Binary,3,435.127,45,1,1600,64,FulcrumInner,489.518,decoder,MB/s
Binary,3,454.979,46,2,1600,64,FulcrumInner,490.524,decoder,MB/s
Binary,3,450.497,46,3,1600,64,FulcrumInner,485.692,decoder,MB/s
Binary,3,428.608,46,4,1600,64,FulcrumInner,475.487,decoder,MB/s
Binary,4,417.087,41,0,1600,64,FulcrumInner,443.155,decoder,MB/s
Binary,4,407.849,41,1,1600,64,FulcrumInner,465.203,decoder,MB/s
Binary,4,412.714,44,2,1600,64,FulcrumInner,477.201,decoder,MB/s
Binary,4,440.344,44,3,1600,64,FulcrumInner,474.746,decoder,MB/s
Binary,4,438.501,44,4,1600,64,FulcrumInner,479.611,decoder,MB/s
Binary,1,266.213,13,0,1600,128,FulcrumInner,266.213,encoder,MB/s
Binary,1,288.722,15,1,1600,128,FulcrumInner,288.722,encoder,MB/s
Binary,1,288.722,15,2,1600,128,FulcrumInner,288.722,encoder,MB/s
Binary,1,289.266,15,3,1600,128,FulcrumInner,289.266,encoder,MB/s
Binary,1,284.972,15,4,1600,128,FulcrumInner,284.972,encoder,MB/s
Binary,2,267.139,14,0,1600,128,FulcrumInner,267.139,encoder,MB/s
Binary,2,277.292,14,1,1600,128,FulcrumInner,277.292,encoder,MB/s
Binary,2,285.322,14,2,1600,128,FulcrumInner,285.322,encoder,MB/s
Binary,2,278.369,14,3,1600,128,FulcrumInner,278.369,encoder,MB/s
Binary,2,284.275,14,4,1600,128,FulcrumInner,284.275,encoder,MB/s
Binary,3,262.72,13,0,1600,128,FulcrumInner,262.72,encoder,MB/s
Binary,3,279.046,14,1,1600,128,FulcrumInner,279.046,encoder,MB/s
Binary,3,277.722,14,2,1600,128,FulcrumInner,277.722,encoder,MB/s
Binary,3,280.219,14,3,1600,128,FulcrumInner,280.219,encoder,MB/s
Binary,3,277.991,14,4,1600,128,FulcrumInner,277.991,encoder,MB/s
Binary,4,252.624,13,0,1600,128,FulcrumInner,252.624,encoder,MB/s
Binary,4,273.98,14,1,1600,128,FulcrumInner,273.98,encoder,MB/s
Binary,4,270.976,14,2,1600,128,FulcrumInner,270.976,encoder,MB/s
Binary,4,270.72,14,3,1600,128,FulcrumInner,270.72,encoder,MB/s
Binary,4,258.353,14,4,1600,128,FulcrumInner,258.353,encoder,MB/s
Binary,1,251.265,13,0,1600,128,FulcrumInner,261.08,decoder,MB/s
Binary,1,259.064,13,1,1600,128,FulcrumInner,261.088,decoder,MB/s
Binary,1,255.19,13,2,1600,128,FulcrumInner,263.165,decoder,MB/s
Binary,1,258.963,13,3,1600,128,FulcrumInner,263.009,decoder,MB/s
Binary,1,253.008,13,4,1600,128,FulcrumInner,258.938,decoder,MB/s
Binary,2,247.734,13,0,1600,128,FulcrumInner,255.476,decoder,MB/s
Binary,2,254.507,13,1,1600,128,FulcrumInner,258.484,decoder,MB/s
Binary,2,249.475,13,2,1600,128,FulcrumInner,255.322,decoder,MB/s
Binary,2,248.706,13,3,1600,128,FulcrumInner,256.478,decoder,MB/s
Binary,2,256.964,13,4,1600,128,FulcrumInner,260.979,decoder,MB/s
Binary,3,238.671,12,0,1600,128,FulcrumInner,257.318,decoder,MB/s
Binary,3,244.706,13,1,1600,128,FulcrumInner,258.088,decoder,MB/s
Binary,3,246.541,13,2,1600,128,FulcrumInner,256.172,decoder,MB/s
Binary,3,249.92,13,3,1600,128,FulcrumInner,257.73,decoder,MB/s
Binary,3,249.592,13,4,1600,128,FulcrumInner,257.392,decoder,MB/s
Binary,4,248.59,13,0,1600,128,FulcrumInner,256.359,decoder,MB/s
Binary,4,245.45,13,1,1600,128,FulcrumInner,253.121,decoder,MB/s
Binary,4,248.011,13,2,1600,128,FulcrumInner,255.762,decoder,MB/s
Binary,4,245.405,13,3,1600,128,FulcrumInner,253.074,decoder,MB/s
Binary,4,245.722,13,4,1600,128,FulcrumInner,253.401,decoder,MB/s
Binary,1,146.836,4,0,1600,256,FulcrumInner,146.836,encoder,MB/s
Binary,1,148.218,4,1,1600,256,FulcrumInner,148.218,encoder,MB/s
Binary,1,150.949,4,2,1600,256,FulcrumInner,150.949,encoder,MB/s
Binary,1,151.088,4,3,1600,256,FulcrumInner,151.088,encoder,MB/s
Binary,1,149.803,4,4,1600,256,FulcrumInner,149.803,encoder,MB/s
Binary,2,143.455,4,0,1600,256,FulcrumInner,143.455,encoder,MB/s
Binary,2,147.683,4,1,1600,256,FulcrumInner,147.683,encoder,MB/s
Binary,2,143.845,4,2,1600,256,FulcrumInner,143.845,encoder,MB/s
Binary,2,146.181,4,3,1600,256,FulcrumInner,146.181,encoder,MB/s
Binary,2,147.617,4,4,1600,256,FulcrumInner,147.617,encoder,MB/s
Binary,3,142.21,4,0,1600,256,FulcrumInner,142.21,encoder,MB/s
Binary,3,145.39,4,1,1600,256,FulcrumInner,145.39,encoder,MB/s
Binary,3,147.83,4,2,1600,256,FulcrumInner,147.83,encoder,MB/s
Binary,3,147.206,4,3,1600,256,FulcrumInner,147.206,encoder,MB/s
Binary,3,146.155,4,4,1600,256,FulcrumInner,146.155,encoder,MB/s
Binary,4,139.95,4,0,1600,256,FulcrumInner,139.95,encoder,MB/s
Binary,4,142.73,4,1,1600,256,FulcrumInner,142.73,encoder,MB/s
Binary,4,143.82,4,2,1600,256,FulcrumInner,143.82,encoder,MB/s
Binary,4,143.883,4,3,1600,256,FulcrumInner,143.883,encoder,MB/s
Binary,4,145.48,4,4,1600,256,FulcrumInner,145.48,encoder,MB/s
Binary,1,126.978,4,0,1600,256,FulcrumInner,127.474,decoder,MB/s
Binary,1,125.5,4,1,1600,256,FulcrumInner,126.48,decoder,MB/s
Binary,1,127.532,4,2,1600,256,FulcrumInner,129.026,decoder,MB/s
Binary,1,126.556,4,3,1600,256,FulcrumInner,127.051,decoder,MB/s
Binary,1,125.413,4,4,1600,256,FulcrumInner,125.903,decoder,MB/s
Binary,2,118.702,3,0,1600,256,FulcrumInner,121.02,decoder,MB/s
Binary,2,123.253,4,1,1600,256,FulcrumInner,124.216,decoder,MB/s
Binary,2,126.909,4,2,1600,256,FulcrumInner,128.397,decoder,MB/s
Binary,2,124.461,4,3,1600,256,FulcrumInner,126.892,decoder,MB/s
Binary,2,125.731,4,4,1600,256,FulcrumInner,127.204,decoder,MB/s
Binary,3,121.724,3,0,1600,256,FulcrumInner,124.577,decoder,MB/s
Binary,3,126.108,4,1,1600,256,FulcrumInner,128.079,decoder,MB/s
Binary,3,125.04,4,2,1600,256,FulcrumInner,128.459,decoder,MB/s
Binary,3,123.114,4,3,1600,256,FulcrumInner,127.442,decoder,MB/s
Binary,3,126.782,4,4,1600,256,FulcrumInner,128.267,decoder,MB/s
Binary,4,121.555,3,0,1600,256,FulcrumInner,125.828,decoder,MB/s
Binary,4,125.164,4,1,1600,256,FulcrumInner,127.12,decoder,MB/s
Binary,4,122.809,4,2,1600,256,FulcrumInner,127.127,decoder,MB/s
Binary,4,125.635,4,3,1600,256,FulcrumInner,127.598,decoder,MB/s
Binary,4,126.157,4,4,1600,256,FulcrumInner,128.128,decoder,MB/s
Binary8,1,624.452,245,0,1600,16,FulcrumOuter,624.452,encoder,MB/s
Binary8,1,626.073,245,1,1600,16,FulcrumOuter,626.073,encoder,MB/s
Binary8,1,624.019,246,2,1600,16,FulcrumOuter,624.019,encoder,MB/s
Binary8,1,625.069,247,3,1600,16,FulcrumOuter,625.069,encoder,MB/s
Binary8,1,623.037,247,4,1600,16,FulcrumOuter,623.037,encoder,MB/s
Binary8,2,582.708,238,0,1600,16,FulcrumOuter,582.708,encoder,MB/s
Binary8,2,602.174,238,1,1600,16,FulcrumOuter,602.174,encoder,MB/s
Binary8,2,599.036,238,2,1600,16,FulcrumOuter,599.036,encoder,MB/s
Binary8,2,606.309,238,3,1600,16,FulcrumOuter,606.309,encoder,MB/s
Binary8,2,605.345,238,4,1600,16,FulcrumOuter,605.345,encoder,MB/s
Binary8,3,576.198,226,0,1600,16,FulcrumOuter,576.198,encoder,MB/s
Binary8,3,572.095,226,1,1600,16,FulcrumOuter,572.095,encoder,MB/s
Binary8,3,567.661,226,2,1600,16,FulcrumOuter,567.661,encoder,MB/s
Binary8,3,575.853,226,3,1600,16,FulcrumOuter,575.853,encoder,MB/s
Binary8,3,575.224,226,4,1600,16,FulcrumOuter,575.224,encoder,MB/s
Binary8,4,532.515,217,0,1600,16,FulcrumOuter,532.515,encoder,MB/s
Binary8,4,552.262,217,1,1600,16,FulcrumOuter,552.262,encoder,MB/s
Binary8,4,551.974,219,2,1600,16,FulcrumOuter,551.974,encoder,MB/s
Binary8,4,553.227,219,3,1600,16,FulcrumOuter,553.227,encoder,MB/s
Binary8,4,555.364,219,4,1600,16,FulcrumOuter,555.364,encoder,MB/s
Binary8,1,523.282,218,0,1600,16,FulcrumOuter,555.987,decoder,MB/s
Binary8,1,550.646,218,1,1600,16,FulcrumOuter,585.062,decoder,MB/s
Binary8,1,553.212,218,2,1600,16,FulcrumOuter,553.212,decoder,MB/s
Binary8,1,523.429,218,3,1600,16,FulcrumOuter,588.858,decoder,MB/s
Binary8,1,530.343,218,4,1600,16,FulcrumOuter,563.489,decoder,MB/s
Binary8,2,496.461,200,0,1600,16,FulcrumOuter,527.49,decoder,MB/s
Binary8,2,508.088,200,1,1600,16,FulcrumOuter,508.088,decoder,MB/s
Binary8,2,511.008,206,2,1600,16,FulcrumOuter,511.008,decoder,MB/s
Binary8,2,502.966,206,3,1600,16,FulcrumOuter,502.966,decoder,MB/s
Binary8,2,519.275,207,4,1600,16,FulcrumOuter,551.73,decoder,MB/s
Binary8,3,490.94,214,0,1600,16,FulcrumOuter,490.94,decoder,MB/s
Binary8,3,502.79,214,1,1600,16,FulcrumOuter,502.79,decoder,MB/s
Binary8,3,485.287,214,2,1600,16,FulcrumOuter,485.287,decoder,MB/s
Binary8,3,499.717,214,3,1600,16,FulcrumOuter,499.717,decoder,MB/s
Binary8,3,508.436,214,4,1600,16,FulcrumOuter,508.436,decoder,MB/s
Binary8,4,482.877,192,0,1600,16,FulcrumOuter,482.877,decoder,MB/s
Binary8,4,487.571,192,1,1600,16,FulcrumOuter,487.571,decoder,MB/s
Binary8,4,491.078,192,2,1600,16,FulcrumOuter,491.078,decoder,MB/s
Binary8,4,481.882,192,3,1600,16,FulcrumOuter,481.882,decoder,MB/s
Binary8,4,475.036,192,4,1600,16,FulcrumOuter,475.036,decoder,MB/s
Binary8,1,677.707,133,0,1600,32,FulcrumOuter,677.707,encoder,MB/s
Binary8,1,684.301,134,1,1600,32,FulcrumOuter,684.301,encoder,MB/s
Binary8,1,679.489,134,2,1600,32,FulcrumOuter,679.489,encoder,MB/s
Binary8,1,676.674,134,3,1600,32,FulcrumOuter,676.674,encoder,MB/s
Binary8,1,679.624,134,4,1600,32,FulcrumOuter,679.624,encoder,MB/s
Binary8,2,651.128,128,0,1600,32,FulcrumOuter,651.128,encoder,MB/s
Binary8,2,645.866,128,1,1600,32,FulcrumOuter,645.866,encoder,MB/s
Binary8,2,648.294,128,2,1600,32,FulcrumOuter,648.294,encoder,MB/s
Binary8,2,637.572,128,3,1600,32,FulcrumOuter,637.572,encoder,MB/s
Binary8,2,649.45,128,4,1600,32,FulcrumOuter,649.45,encoder,MB/s
Binary8,3,613.022,121,0,1600,32,FulcrumOuter,613.022,encoder,MB/s
Binary8,3,617.482,121,1,1600,32,FulcrumOuter,617.482,encoder,MB/s
Binary8,3,596.323,121,2,1600,32,FulcrumOuter,596.323,encoder,MB/s
Binary8,3,613.083,121,3,1600,32,FulcrumOuter,613.083,encoder,MB/s
Binary8,3,616.745,121,4,1600,32,FulcrumOuter,616.745,encoder,MB/s
Binary8,4,598.442,117,0,1600,32,FulcrumOuter,598.442,encoder,MB/s
Binary8,4,596,117,1,1600,32,FulcrumOuter,596,encoder,MB/s
Binary8,4,595.29,117,2,1600,32,FulcrumOuter,595.29,encoder,MB/s
Binary8,4,586.834,117,3,1600,32,FulcrumOuter,586.834,encoder,MB/s
Binary8,4,589.142,117,4,1600,32,FulcrumOuter,589.142,encoder,MB/s
Binary8,1,462.766,97,0,1600,32,FulcrumOuter,477.227,decoder,MB/s
Binary8,1,475.918,98,1,1600,32,FulcrumOuter,475.918,decoder,MB/s
Binary8,1,449.404,98,2,1600,32,FulcrumOuter,449.404,decoder,MB/s
Binary8,1,471.756,98,3,1600,32,FulcrumOuter,471.756,decoder,MB/s
Binary8,1,473.269,98,4,1600,32,FulcrumOuter,473.269,decoder,MB/s
Binary8,2,418.293,87,0,1600,32,FulcrumOuter,418.293,decoder,MB/s
Binary8,2,449.93,88,1,1600,32,FulcrumOuter,463.99,decoder,MB/s
Binary8,2,402.501,88,2,1600,32,FulcrumOuter,415.08,decoder,MB/s
Binary8,2,446.453,88,3,1600,32,FulcrumOuter,446.453,decoder,MB/s
Binary8,2,433.481,88,4,1600,32,FulcrumOuter,433.481,decoder,MB/s
Binary8,3,407.557,83,0,1600,32,FulcrumOuter,407.557,decoder,MB/s
Binary8,3,403.686,83,1,1600,32,FulcrumOuter,403.686,decoder,MB/s
Binary8,3,424.918,83,2,1600,32,FulcrumOuter,424.918,decoder,MB/s
Binary8,3,422.72,83,3,1600,32,FulcrumOuter,422.72,decoder,MB/s
Binary8,3,404.994,83,4,1600,32,FulcrumOuter,404.994,decoder,MB/s
Binary8,4,383.556,82,0,1600,32,FulcrumOuter,383.556,decoder,MB/s
Binary8,4,416.709,83,1,1600,32,FulcrumOuter,416.709,decoder,MB/s
Binary8,4,402.044,83,2,1600,32,FulcrumOuter,402.044,decoder,MB/s
Binary8,4,411.225,83,3,1600,32,FulcrumOuter,411.225,decoder,MB/s
Binary8,4,418.886,83,4,1600,32,FulcrumOuter,418.886,decoder,MB/s
Binary8,1,484.481,50,0,1600,64,FulcrumOuter,484.481,encoder,MB/s
Binary8,1,500.44,50,1,1600,64,FulcrumOuter,500.44,encoder,MB/s
Binary8,1,502.404,50,2,1600,64,FulcrumOuter,502.404,encoder,MB/s
Binary8,1,475.395,50,3,1600,64,FulcrumOuter,475.395,encoder,MB/s
Binary8,1,492.166,50,4,1600,64,FulcrumOuter,492.166,encoder,MB/s
Binary8,2,469.366,48,0,1600,64,FulcrumOuter,469.366,encoder,MB/s
Binary8,2,486.798,48,1,1600,64,FulcrumOuter,486.798,encoder,MB/s
Binary8,2,484.256,48,2,1600,64,FulcrumOuter,484.256,encoder,MB/s
Binary8,2,485.212,48,3,1600,64,FulcrumOuter,485.212,encoder,MB/s
Binary8,2,480.61,48,4,1600,64,FulcrumOuter,480.61,encoder,MB/s
Binary8,3,454.979,46,0,1600,64,FulcrumOuter,454.979,encoder,MB/s
Binary8,3,465.133,46,1,1600,64,FulcrumOuter,465.133,encoder,MB/s
Binary8,3,464.857,46,2,1600,64,FulcrumOuter,464.857,encoder,MB/s
Binary8,3,472.028,47,3,1600,64,FulcrumOuter,472.028,encoder,MB/s
Binary8,3,462.147,47,4,1600,64,FulcrumOuter,462.147,encoder,MB/s
Binary8,4,443.034,45,0,1600,64,FulcrumOuter,443.034,encoder,MB/s
Binary8,4,450.352,45,1,1600,64,FulcrumOuter,450.352,encoder,MB/s
Binary8,4,453.32,45,2,1600,64,FulcrumOuter,453.32,encoder,MB/s
Binary8,4,448.424,45,3,1600,64,FulcrumOuter,448.424,encoder,MB/s
Binary8,4,446.641,45,4,1600,64,FulcrumOuter,446.641,encoder,MB/s
Binary8,1,272.099,27,0,1600,64,FulcrumOuter,272.099,decoder,MB/s
Binary8,1,277.131,28,1,1600,64,FulcrumOuter,277.131,decoder,MB/s
Binary8,1,286.696,29,2,1600,64,FulcrumOuter,286.696,decoder,MB/s
Binary8,1,275.371,29,3,1600,64,FulcrumOuter,275.371,decoder,MB/s
Binary8,1,284.936,29,4,1600,64,FulcrumOuter,289.388,decoder,MB/s
Binary8,2,242.009,24,0,1600,64,FulcrumOuter,242.009,decoder,MB/s
Binary8,2,248.104,26,1,1600,64,FulcrumOuter,248.104,decoder,MB/s
Binary8,2,266.16,26,2,1600,64,FulcrumOuter,266.16,decoder,MB/s
Binary8,2,249.102,26,3,1600,64,FulcrumOuter,249.102,decoder,MB/s
Binary8,2,248.127,26,4,1600,64,FulcrumOuter,252.004,decoder,MB/s
Binary8,3,235.945,24,0,1600,64,FulcrumOuter,235.945,decoder,MB/s
Binary8,3,244.83,24,1,1600,64,FulcrumOuter,244.83,decoder,MB/s
Binary8,3,234.728,24,2,1600,64,FulcrumOuter,234.728,decoder,MB/s
Binary8,3,233.109,25,3,1600,64,FulcrumOuter,233.109,decoder,MB/s
Binary8,3,235.923,25,4,1600,64,FulcrumOuter,235.923,decoder,MB/s
Binary8,4,231.811,23,0,1600,64,FulcrumOuter,231.811,decoder,MB/s
Binary8,4,230.067,23,1,1600,64,FulcrumOuter,230.067,decoder,MB/s
Binary8,4,230.328,24,2,1600,64,FulcrumOuter,230.328,decoder,MB/s
Binary8,4,242.702,24,3,1600,64,FulcrumOuter,242.702,decoder,MB/s
Binary8,4,227.408,24,4,1600,64,FulcrumOuter,227.408,decoder,MB/s
Binary8,1,290.03,15,0,1600,128,FulcrumOuter,290.03,encoder,MB/s
Binary8,1,285.874,15,1,1600,128,FulcrumOuter,285.874,encoder,MB/s
Binary8,1,287.344,15,2,1600,128,FulcrumOuter,287.344,encoder,MB/s
Binary8,1,288.776,15,3,1600,128,FulcrumOuter,288.776,encoder,MB/s
Binary8,1,291.489,15,4,1600,128,FulcrumOuter,291.489,encoder,MB/s
Binary8,2,282.038,14,0,1600,128,FulcrumOuter,282.038,encoder,MB/s
Binary8,2,283.488,14,1,1600,128,FulcrumOuter,283.488,encoder,MB/s
Binary8,2,286.491,14,2,1600,128,FulcrumOuter,286.491,encoder,MB/s
Binary8,2,282.233,14,3,1600,128,FulcrumOuter,282.233,encoder,MB/s
Binary8,2,283.264,14,4,1600,128,FulcrumOuter,283.264,encoder,MB/s
Binary8,3,267.189,14,0,1600,128,FulcrumOuter,267.189,encoder,MB/s
Binary8,3,281.9,14,1,1600,128,FulcrumOuter,281.9,encoder,MB/s
Binary8,3,278.748,14,2,1600,128,FulcrumOuter,278.748,encoder,MB/s
Binary8,3,279.236,14,3,1600,128,FulcrumOuter,279.236,encoder,MB/s
Binary8,3,281.844,14,4,1600,128,FulcrumOuter,281.844,encoder,MB/s
Binary8,4,272.47,14,0,1600,128,FulcrumOuter,272.47,encoder,MB/s
Binary8,4,274.715,14,1,1600,128,FulcrumOuter,274.715,encoder,MB/s
Binary8,4,276.25,14,2,1600,128,FulcrumOuter,276.25,encoder,MB/s
Binary8,4,274.085,14,3,1600,128,FulcrumOuter,274.085,encoder,MB/s
Binary8,4,272.005,14,4,1600,128,FulcrumOuter,272.005,encoder,MB/s
Binary8,1,140.817,8,0,1600,128,FulcrumOuter,143.017,decoder,MB/s
Binary8,1,139.795,8,1,1600,128,FulcrumOuter,140.887,decoder,MB/s
Binary8,1,149.667,8,2,1600,128,FulcrumOuter,149.667,decoder,MB/s
Binary8,1,157.07,8,3,1600,128,FulcrumOuter,157.07,decoder,MB/s
Binary8,1,146.09,8,4,1600,128,FulcrumOuter,146.09,decoder,MB/s
Binary8,2,131.15,7,0,1600,128,FulcrumOuter,131.15,decoder,MB/s
Binary8,2,119.626,7,1,1600,128,FulcrumOuter,119.626,decoder,MB/s
Binary8,2,137.147,7,2,1600,128,FulcrumOuter,137.147,decoder,MB/s
Binary8,2,129.246,7,3,1600,128,FulcrumOuter,129.246,decoder,MB/s
Binary8,2,129.796,7,4,1600,128,FulcrumOuter,129.796,decoder,MB/s
Binary8,3,127.886,7,0,1600,128,FulcrumOuter,127.886,decoder,MB/s
Binary8,3,126.699,7,1,1600,128,FulcrumOuter,128.679,decoder,MB/s
Binary8,3,121.843,7,2,1600,128,FulcrumOuter,121.843,decoder,MB/s
Binary8,3,128.309,7,3,1600,128,FulcrumOuter,128.309,decoder,MB/s
Binary8,3,128.898,7,4,1600,128,FulcrumOuter,128.898,decoder,MB/s
Binary8,4,113.076,6,0,1600,128,FulcrumOuter,113.076,decoder,MB/s
Binary8,4,125.293,7,1,1600,128,FulcrumOuter,125.293,decoder,MB/s
Binary8,4,109.077,7,2,1600,128,FulcrumOuter,109.077,decoder,MB/s
Binary8,4,126.253,7,3,1600,128,FulcrumOuter,126.253,decoder,MB/s
Binary8,4,125.249,7,4,1600,128,FulcrumOuter,125.249,decoder,MB/s
Binary8,1,139.855,4,0,1600,256,FulcrumOuter,139.855,encoder,MB/s
Binary8,1,148.339,4,1,1600,256,FulcrumOuter,148.339,encoder,MB/s
Binary8,1,150.852,4,2,1600,256,FulcrumOuter,150.852,encoder,MB/s
Binary8,1,144.035,4,3,1600,256,FulcrumOuter,144.035,encoder,MB/s
Binary8,1,150.422,4,4,1600,256,FulcrumOuter,150.422,encoder,MB/s
Binary8,2,138.075,4,0,1600,256,FulcrumOuter,138.075,encoder,MB/s
Binary8,2,148.797,4,1,1600,256,FulcrumOuter,148.797,encoder,MB/s
Binary8,2,149.38,4,2,1600,256,FulcrumOuter,149.38,encoder,MB/s
Binary8,2,149.503,4,3,1600,256,FulcrumOuter,149.503,encoder,MB/s
Binary8,2,148.473,4,4,1600,256,FulcrumOuter,148.473,encoder,MB/s
Binary8,3,138.029,4,0,1600,256,FulcrumOuter,138.029,encoder,MB/s
Binary8,3,147.008,4,1,1600,256,FulcrumOuter,147.008,encoder,MB/s
Binary8,3,149.108,4,2,1600,256,FulcrumOuter,149.108,encoder,MB/s
Binary8,3,147.617,4,3,1600,256,FulcrumOuter,147.617,encoder,MB/s
Binary8,3,147.843,4,4,1600,256,FulcrumOuter,147.843,encoder,MB/s
Binary8,4,136.397,4,0,1600,256,FulcrumOuter,136.397,encoder,MB/s
Binary8,4,144.684,4,1,1600,256,FulcrumOuter,144.684,encoder,MB/s
Binary8,4,145.661,4,2,1600,256,FulcrumOuter,145.661,encoder,MB/s
Binary8,4,145.7,4,3,1600,256,FulcrumOuter,145.7,encoder,MB/s
Binary8,4,144.85,4,4,1600,256,FulcrumOuter,144.85,encoder,MB/s
Binary8,1,71.6773,2,0,1600,256,FulcrumOuter,71.9573,decoder,MB/s
Binary8,1,68.1134,2,1,1600,256,FulcrumOuter,68.1134,decoder,MB/s
Binary8,1,72.779,2,2,1600,256,FulcrumOuter,73.0633,decoder,MB/s
Binary8,1,72.98,2,3,1600,256,FulcrumOuter,72.98,decoder,MB/s
Binary8,1,67.109,2,4,1600,256,FulcrumOuter,67.3712,decoder,MB/s
Binary8,2,63.0445,2,0,1600,256,FulcrumOuter,63.0445,decoder,MB/s
Binary8,2,61.1343,2,1,1600,256,FulcrumOuter,61.1343,decoder,MB/s
Binary8,2,63.9301,2,2,1600,256,FulcrumOuter,63.9301,decoder,MB/s
Binary8,2,61.4369,2,3,1600,256,FulcrumOuter,61.4369,decoder,MB/s
Binary8,2,63.5778,2,4,1600,256,FulcrumOuter,63.5778,decoder,MB/s
Binary8,3,61.6775,2,0,1600,256,FulcrumOuter,61.6775,decoder,MB/s
Binary8,3,60.9796,2,1,1600,256,FulcrumOuter,60.9796,decoder,MB/s
Binary8,3,56.6999,2,2,1600,256,FulcrumOuter,56.6999,decoder,MB/s
Binary8,3,61.1754,2,3,1600,256,FulcrumOuter,61.1754,decoder,MB/s
Binary8,3,61.3495,2,4,1600,256,FulcrumOuter,61.3495,decoder,MB/s
Binary8,4,59.1993,2,0,1600,256,FulcrumOuter,59.1993,decoder,MB/s
Binary8,4,59.9268,2,1,1600,256,FulcrumOuter,59.9268,decoder,MB/s
Binary8,4,56.5863,2,2,1600,256,FulcrumOuter,56.5863,decoder,MB/s
Binary8,4,59.665,2,3,1600,256,FulcrumOuter,59.665,decoder,MB/s
Binary8,4,59.4614,2,4,1600,256,FulcrumOuter,59.4614,decoder,MB/s
Binary8,1,615.712,244,0,1600,16,FulcrumCombined,615.712,encoder,MB/s
Binary8,1,625.324,245,1,1600,16,FulcrumCombined,625.324,encoder,MB/s
Binary8,1,621.862,246,2,1600,16,FulcrumCombined,621.862,encoder,MB/s
Binary8,1,620.698,246,3,1600,16,FulcrumCombined,620.698,encoder,MB/s
Binary8,1,627.313,246,4,1600,16,FulcrumCombined,627.313,encoder,MB/s
Binary8,2,598.107,237,0,1600,16,FulcrumCombined,598.107,encoder,MB/s
Binary8,2,588.763,237,1,1600,16,FulcrumCombined,588.763,encoder,MB/s
Binary8,2,606.053,237,2,1600,16,FulcrumCombined,606.053,encoder,MB/s
Binary8,2,581.818,237,3,1600,16,FulcrumCombined,581.818,encoder,MB/s
Binary8,2,593.079,237,4,1600,16,FulcrumCombined,593.079,encoder,MB/s
Binary8,3,578.098,226,0,1600,16,FulcrumCombined,578.098,encoder,MB/s
Binary8,3,571.06,228,1,1600,16,FulcrumCombined,571.06,encoder,MB/s
Binary8,3,578.073,228,2,1600,16,FulcrumCombined,578.073,encoder,MB/s
Binary8,3,573.98,228,3,1600,16,FulcrumCombined,573.98,encoder,MB/s
Binary8,3,579.508,228,4,1600,16,FulcrumCombined,579.508,encoder,MB/s
Binary8,4,527.087,218,0,1600,16,FulcrumCombined,527.087,encoder,MB/s
Binary8,4,554.43,219,1,1600,16,FulcrumCombined,554.43,encoder,MB/s
Binary8,4,554.266,219,2,1600,16,FulcrumCombined,554.266,encoder,MB/s
Binary8,4,557.906,219,3,1600,16,FulcrumCombined,557.906,encoder,MB/s
Binary8,4,557.241,219,4,1600,16,FulcrumCombined,557.241,encoder,MB/s
Binary8,1,590.129,234,0,1600,16,FulcrumCombined,627.012,decoder,MB/s
Binary8,1,573.409,234,1,1600,16,FulcrumCombined,645.085,decoder,MB/s
Binary8,1,574.95,234,2,1600,16,FulcrumCombined,574.95,decoder,MB/s
Binary8,1,570.786,234,3,1600,16,FulcrumCombined,606.46,decoder,MB/s
Binary8,1,576.277,234,4,1600,16,FulcrumCombined,576.277,decoder,MB/s
Binary8,2,560.511,223,0,1600,16,FulcrumCombined,595.542,decoder,MB/s
Binary8,2,569.741,223,1,1600,16,FulcrumCombined,569.741,decoder,MB/s
Binary8,2,566.574,223,2,1600,16,FulcrumCombined,566.574,decoder,MB/s
Binary8,2,564.445,223,3,1600,16,FulcrumCombined,564.445,decoder,MB/s
Binary8,2,568.379,223,4,1600,16,FulcrumCombined,568.379,decoder,MB/s
Binary8,3,548.765,223,0,1600,16,FulcrumCombined,548.765,decoder,MB/s
Binary8,3,546.506,223,1,1600,16,FulcrumCombined,546.506,decoder,MB/s
Binary8,3,548.659,223,2,1600,16,FulcrumCombined,548.659,decoder,MB/s
Binary8,3,562.832,223,3,1600,16,FulcrumCombined,562.832,decoder,MB/s
Binary8,3,544.941,223,4,1600,16,FulcrumCombined,544.941,decoder,MB/s
Binary8,4,519.923,210,0,1600,16,FulcrumCombined,519.923,decoder,MB/s
Binary8,4,524.079,210,1,1600,16,FulcrumCombined,524.079,decoder,MB/s
Binary8,4,523.364,210,2,1600,16,FulcrumCombined,523.364,decoder,MB/s
Binary8,4,525.41,210,3,1600,16,FulcrumCombined,525.41,decoder,MB/s
Binary8,4,516.625,210,4,1600,16,FulcrumCombined,516.625,decoder,MB/s
Binary8,1,677.774,133,0,1600,32,FulcrumCombined,677.774,encoder,MB/s
Binary8,1,674.685,133,1,1600,32,FulcrumCombined,674.685,encoder,MB/s
Binary8,1,670.83,133,2,1600,32,FulcrumCombined,670.83,encoder,MB/s
Binary8,1,673.018,133,3,1600,32,FulcrumCombined,673.018,encoder,MB/s
Binary8,1,675.824,133,4,1600,32,FulcrumCombined,675.824,encoder,MB/s
Binary8,2,644.887,127,0,1600,32,FulcrumCombined,644.887,encoder,MB/s
Binary8,2,647.778,127,1,1600,32,FulcrumCombined,647.778,encoder,MB/s
Binary8,2,649.514,128,2,1600,32,FulcrumCombined,649.514,encoder,MB/s
Binary8,2,638.317,128,3,1600,32,FulcrumCombined,638.317,encoder,MB/s
Binary8,2,629.428,128,4,1600,32,FulcrumCombined,629.428,encoder,MB/s
Binary8,3,585.558,121,0,1600,32,FulcrumCombined,585.558,encoder,MB/s
Binary8,3,616.867,121,1,1600,32,FulcrumCombined,616.867,encoder,MB/s
Binary8,3,615.348,122,2,1600,32,FulcrumCombined,615.348,encoder,MB/s
Binary8,3,614.743,122,3,1600,32,FulcrumCombined,614.743,encoder,MB/s
Binary8,3,614.259,122,4,1600,32,FulcrumCombined,614.259,encoder,MB/s
Binary8,4,587.533,118,0,1600,32,FulcrumCombined,587.533,encoder,MB/s
Binary8,4,590.692,118,1,1600,32,FulcrumCombined,590.692,encoder,MB/s
Binary8,4,594.353,118,2,1600,32,FulcrumCombined,594.353,encoder,MB/s
Binary8,4,602.353,118,3,1600,32,FulcrumCombined,602.353,encoder,MB/s
Binary8,4,596.112,118,4,1600,32,FulcrumCombined,596.112,encoder,MB/s
Binary8,1,488.861,105,0,1600,32,FulcrumCombined,534.691,decoder,MB/s
Binary8,1,541.933,107,1,1600,32,FulcrumCombined,541.933,decoder,MB/s
Binary8,1,531.368,107,2,1600,32,FulcrumCombined,547.973,decoder,MB/s
Binary8,1,545.875,107,3,1600,32,FulcrumCombined,545.875,decoder,MB/s
Binary8,1,545.549,107,4,1600,32,FulcrumCombined,545.549,decoder,MB/s
Binary8,2,500.104,103,0,1600,32,FulcrumCombined,500.104,decoder,MB/s
Binary8,2,514.95,103,1,1600,32,FulcrumCombined,514.95,decoder,MB/s
Binary8,2,524.079,105,2,1600,32,FulcrumCombined,524.079,decoder,MB/s
Binary8,2,515.733,105,3,1600,32,FulcrumCombined,515.733,decoder,MB/s
Binary8,2,492.037,105,4,1600,32,FulcrumCombined,492.037,decoder,MB/s
Binary8,3,510.163,100,0,1600,32,FulcrumCombined,510.163,decoder,MB/s
Binary8,3,493.114,100,1,1600,32,FulcrumCombined,493.114,decoder,MB/s
Binary8,3,511.795,100,2,1600,32,FulcrumCombined,511.795,decoder,MB/s
Binary8,3,494.734,100,3,1600,32,FulcrumCombined,494.734,decoder,MB/s
Binary8,3,507.483,100,4,1600,32,FulcrumCombined,507.483,decoder,MB/s
Binary8,4,476.695,96,0,1600,32,FulcrumCombined,476.695,decoder,MB/s
Binary8,4,468.44,97,1,1600,32,FulcrumCombined,468.44,decoder,MB/s
Binary8,4,475.846,97,2,1600,32,FulcrumCombined,475.846,decoder,MB/s
Binary8,4,483.489,97,3,1600,32,FulcrumCombined,483.489,decoder,MB/s
Binary8,4,483.725,97,4,1600,32,FulcrumCombined,483.725,decoder,MB/s
Binary8,1,490.845,50,0,1600,64,FulcrumCombined,490.845,encoder,MB/s
Binary8,1,502.059,50,1,1600,64,FulcrumCombined,502.059,encoder,MB/s
Binary8,1,491.504,50,2,1600,64,FulcrumCombined,491.504,encoder,MB/s
Binary8,1,498.734,50,3,1600,64,FulcrumCombined,498.734,encoder,MB/s
Binary8,1,501.813,50,4,1600,64,FulcrumCombined,501.813,encoder,MB/s
Binary8,2,474.776,47,0,1600,64,FulcrumCombined,474.776,encoder,MB/s
Binary8,2,482.639,48,1,1600,64,FulcrumCombined,482.639,encoder,MB/s
Binary8,2,485.021,48,2,1600,64,FulcrumCombined,485.021,encoder,MB/s
Binary8,2,454.06,48,3,1600,64,FulcrumCombined,454.06,encoder,MB/s
Binary8,2,483.542,48,4,1600,64,FulcrumCombined,483.542,encoder,MB/s
Binary8,3,447.726,45,0,1600,64,FulcrumCombined,447.726,encoder,MB/s
Binary8,3,465.731,46,1,1600,64,FulcrumCombined,465.731,encoder,MB/s
Binary8,3,465.271,46,2,1600,64,FulcrumCombined,465.271,encoder,MB/s
Binary8,3,470.663,46,3,1600,64,FulcrumCombined,470.663,encoder,MB/s
Binary8,3,464.949,46,4,1600,64,FulcrumCombined,464.949,encoder,MB/s
Binary8,4,454.707,45,0,1600,64,FulcrumCombined,454.707,encoder,MB/s
Binary8,4,451.455,45,1,1600,64,FulcrumCombined,451.455,encoder,MB/s
Binary8,4,451.986,45,2,1600,64,FulcrumCombined,451.986,encoder,MB/s
Binary8,4,454.214,45,3,1600,64,FulcrumCombined,454.214,encoder,MB/s
Binary8,4,454.976,45,4,1600,64,FulcrumCombined,454.976,encoder,MB/s
Binary8,1,356.901,35,0,1600,64,FulcrumCombined,356.901,decoder,MB/s
Binary8,1,355.487,36,1,1600,64,FulcrumCombined,355.487,decoder,MB/s
Binary8,1,353.612,36,2,1600,64,FulcrumCombined,353.612,decoder,MB/s
Binary8,1,358.564,36,3,1600,64,FulcrumCombined,364.167,decoder,MB/s
Binary8,1,355.796,36,4,1600,64,FulcrumCombined,355.796,decoder,MB/s
Binary8,2,344.542,34,0,1600,64,FulcrumCombined,344.542,decoder,MB/s
Binary8,2,319.743,35,1,1600,64,FulcrumCombined,324.739,decoder,MB/s
Binary8,2,349.182,35,2,1600,64,FulcrumCombined,349.182,decoder,MB/s
Binary8,2,351.407,35,3,1600,64,FulcrumCombined,351.407,decoder,MB/s
Binary8,2,349.522,35,4,1600,64,FulcrumCombined,354.983,decoder,MB/s
Binary8,3,324.757,32,0,1600,64,FulcrumCombined,324.757,decoder,MB/s
Binary8,3,339.403,34,1,1600,64,FulcrumCombined,339.403,decoder,MB/s
Binary8,3,339.503,34,2,1600,64,FulcrumCombined,339.503,decoder,MB/s
Binary8,3,336.582,34,3,1600,64,FulcrumCombined,336.582,decoder,MB/s
Binary8,3,339.536,34,4,1600,64,FulcrumCombined,339.536,decoder,MB/s
Binary8,4,320.815,32,0,1600,64,FulcrumCombined,320.815,decoder,MB/s
Binary8,4,325.142,33,1,1600,64,FulcrumCombined,325.142,decoder,MB/s
Binary8,4,329.068,33,2,1600,64,FulcrumCombined,329.068,decoder,MB/s
Binary8,4,334.21,33,3,1600,64,FulcrumCombined,339.432,decoder,MB/s
Binary8,4,335.438,33,4,1600,64,FulcrumCombined,335.438,decoder,MB/s
Binary8,1,289.347,15,0,1600,128,FulcrumCombined,289.347,encoder,MB/s
Binary8,1,292.795,15,1,1600,128,FulcrumCombined,292.795,encoder,MB/s
Binary8,1,290.964,15,2,1600,128,FulcrumCombined,290.964,encoder,MB/s
Binary8,1,288.315,15,3,1600,128,FulcrumCombined,288.315,encoder,MB/s
Binary8,1,290.689,15,4,1600,128,FulcrumCombined,290.689,encoder,MB/s
Binary8,2,284.586,14,0,1600,128,FulcrumCombined,284.586,encoder,MB/s
Binary8,2,281.9,14,1,1600,128,FulcrumCombined,281.9,encoder,MB/s
Binary8,2,282.149,14,2,1600,128,FulcrumCombined,282.149,encoder,MB/s
Binary8,2,286.969,15,3,1600,128,FulcrumCombined,286.969,encoder,MB/s
Binary8,2,284.84,15,4,1600,128,FulcrumCombined,284.84,encoder,MB/s
Binary8,3,274.163,14,0,1600,128,FulcrumCombined,274.163,encoder,MB/s
Binary8,3,282.316,14,1,1600,128,FulcrumCombined,282.316,encoder,MB/s
Binary8,3,280.658,14,2,1600,128,FulcrumCombined,280.658,encoder,MB/s
Binary8,3,279.236,14,3,1600,128,FulcrumCombined,279.236,encoder,MB/s
Binary8,3,281.346,14,4,1600,128,FulcrumCombined,281.346,encoder,MB/s
Binary8,4,274.531,14,0,1600,128,FulcrumCombined,274.531,encoder,MB/s
Binary8,4,275.427,14,1,1600,128,FulcrumCombined,275.427,encoder,MB/s
Binary8,4,273.588,14,2,1600,128,FulcrumCombined,273.588,encoder,MB/s
Binary8,4,274.741,14,3,1600,128,FulcrumCombined,274.741,encoder,MB/s
Binary8,4,275.984,14,4,1600,128,FulcrumCombined,275.984,encoder,MB/s
Binary8,1,209.895,11,0,1600,128,FulcrumCombined,209.895,decoder,MB/s
Binary8,1,208.438,11,1,1600,128,FulcrumCombined,213.323,decoder,MB/s
Binary8,1,210.345,11,2,1600,128,FulcrumCombined,211.989,decoder,MB/s
Binary8,1,205.08,11,3,1600,128,FulcrumCombined,209.886,decoder,MB/s
Binary8,1,209.524,11,4,1600,128,FulcrumCombined,211.161,decoder,MB/s
Binary8,2,191.976,10,0,1600,128,FulcrumCombined,191.976,decoder,MB/s
Binary8,2,207.67,11,1,1600,128,FulcrumCombined,207.67,decoder,MB/s
Binary8,2,207.765,11,2,1600,128,FulcrumCombined,207.765,decoder,MB/s
Binary8,2,207.536,11,3,1600,128,FulcrumCombined,207.536,decoder,MB/s
Binary8,2,206.698,11,4,1600,128,FulcrumCombined,206.698,decoder,MB/s
Binary8,3,189.035,10,0,1600,128,FulcrumCombined,189.035,decoder,MB/s
Binary8,3,201.952,10,1,1600,128,FulcrumCombined,201.952,decoder,MB/s
Binary8,3,202.812,10,2,1600,128,FulcrumCombined,202.812,decoder,MB/s
Binary8,3,200.036,11,3,1600,128,FulcrumCombined,200.036,decoder,MB/s
Binary8,3,204.707,11,4,1600,128,FulcrumCombined,204.707,decoder,MB/s
Binary8,4,182.661,10,0,1600,128,FulcrumCombined,182.661,decoder,MB/s
Binary8,4,199.067,10,1,1600,128,FulcrumCombined,199.067,decoder,MB/s
Binary8,4,197.037,10,2,1600,128,FulcrumCombined,197.037,decoder,MB/s
Binary8,4,198.45,10,3,1600,128,FulcrumCombined,198.45,decoder,MB/s
Binary8,4,195.345,10,4,1600,128,FulcrumCombined,195.345,decoder,MB/s
Binary8,1,140.19,4,0,1600,256,FulcrumCombined,140.19,encoder,MB/s
Binary8,1,150.271,4,1,1600,256,FulcrumCombined,150.271,encoder,MB/s
Binary8,1,152.58,4,2,1600,256,FulcrumCombined,152.58,encoder,MB/s
Binary8,1,149.626,4,3,1600,256,FulcrumCombined,149.626,encoder,MB/s
Binary8,1,151.172,4,4,1600,256,FulcrumCombined,151.172,encoder,MB/s
Binary8,2,139.748,4,0,1600,256,FulcrumCombined,139.748,encoder,MB/s
Binary8,2,143.142,4,1,1600,256,FulcrumCombined,143.142,encoder,MB/s
Binary8,2,147.604,4,2,1600,256,FulcrumCombined,147.604,encoder,MB/s
Binary8,2,148.312,4,3,1600,256,FulcrumCombined,148.312,encoder,MB/s
Binary8,2,149.516,4,4,1600,256,FulcrumCombined,149.516,encoder,MB/s
Binary8,3,135.182,4,0,1600,256,FulcrumCombined,135.182,encoder,MB/s
Binary8,3,148.084,4,1,1600,256,FulcrumCombined,148.084,encoder,MB/s
Binary8,3,148.271,4,2,1600,256,FulcrumCombined,148.271,encoder,MB/s
Binary8,3,147.351,4,3,1600,256,FulcrumCombined,147.351,encoder,MB/s
Binary8,3,147.644,4,4,1600,256,FulcrumCombined,147.644,encoder,MB/s
Binary8,4,135.944,4,0,1600,256,FulcrumCombined,135.944,encoder,MB/s
Binary8,4,145.765,4,1,1600,256,FulcrumCombined,145.765,encoder,MB/s
Binary8,4,146.797,4,2,1600,256,FulcrumCombined,146.797,encoder,MB/s
Binary8,4,144.697,4,3,1600,256,FulcrumCombined,144.697,encoder,MB/s
Binary8,4,146.299,4,4,1600,256,FulcrumCombined,146.299,encoder,MB/s
Binary8,1,107.922,3,0,1600,256,FulcrumCombined,107.922,decoder,MB/s
Binary8,1,108.936,3,1,1600,256,FulcrumCombined,108.936,decoder,MB/s
Binary8,1,109.97,3,2,1600,256,FulcrumCombined,109.97,decoder,MB/s
Binary8,1,107.913,3,3,1600,256,FulcrumCombined,108.756,decoder,MB/s
Binary8,1,108.446,3,4,1600,256,FulcrumCombined,108.446,decoder,MB/s
Binary8,2,100.318,3,0,1600,256,FulcrumCombined,100.318,decoder,MB/s
Binary8,2,107.638,3,1,1600,256,FulcrumCombined,107.638,decoder,MB/s
Binary8,2,107.846,3,2,1600,256,FulcrumCombined,107.846,decoder,MB/s
Binary8,2,103.749,3,3,1600,256,FulcrumCombined,104.154,decoder,MB/s
Binary8,2,107.169,3,4,1600,256,FulcrumCombined,107.588,decoder,MB/s
Binary8,3,104.837,3,0,1600,256,FulcrumCombined,104.837,decoder,MB/s
Binary8,3,106.473,3,1,1600,256,FulcrumCombined,106.473,decoder,MB/s
Binary8,3,106.917,3,2,1600,256,FulcrumCombined,106.917,decoder,MB/s
Binary8,3,105.74,3,3,1600,256,FulcrumCombined,105.74,decoder,MB/s
Binary8,3,106.032,3,4,1600,256,FulcrumCombined,106.032,decoder,MB/s
Binary8,4,101.42,3,0,1600,256,FulcrumCombined,101.42,decoder,MB/s
Binary8,4,105.377,3,1,1600,256,FulcrumCombined,105.377,decoder,MB/s
Binary8,4,104.508,3,2,1600,256,FulcrumCombined,104.508,decoder,MB/s
Binary8,4,105.404,3,3,1600,256,FulcrumCombined,105.404,decoder,MB/s
Binary8,4,104.339,3,4,1600,256,FulcrumCombined,104.339,decoder,MB/s
